<?xml version="1.0" encoding="utf-8"?>
<!--/1567703/1127645/2.50/2/2/Resistor/-->
<quadcept_library>
  <setting unit="mil" />
  <textstyle name="Default" height="47.244094488189" strokewidth="7.8740157480315" charwidth="47.244094488189" />
  <textstyle name="Dimension" height="19.6850393700787" strokewidth="0" charwidth="19.6850393700787" />
  <textstyle name="H127W0635TH00762" height="50" strokewidth="3" charwidth="25" />
  <textstyle name="H15W15TH02" height="59.0551181102362" strokewidth="7.8740157480315" charwidth="59.0551181102362" />
  <padstyle name="r50_47.5" surface="True" plated="False" isvia="False" nopaste="False" nomask="True" complex="False" holesize="0">
    <padshape layer="TOP" shape="rectangle" width="18.700787401575" height="19.685039370078" />
    <padshape layer="TOP_SOLDER_MASK" shape="rectangle" width="26.574803149606" height="27.55905511811" />
    <padshape layer="TOP_SOLDER_PASTE" shape="rectangle" width="18.700787401575" height="19.685039370078" />
  </padstyle>
  <footprint name="ERA2AED122X" originx="0" originy="0" pickpointx="0" pickpointy="0">
    <pcbpin number="1" name="1" style="r50_47.5" originx="-20.15748031496" originy="0" rotation="0" />
    <pcbpin number="2" name="2" style="r50_47.5" originx="20.15748031496" originy="0" rotation="0" />
    <line layer="TOP_ASSEMBLY" originx="-19.685039370078" originy="9.8425196850392" endx="19.685039370078" endy="9.8425196850392" width="7.8740157480314" />
    <line layer="TOP_ASSEMBLY" originx="19.685039370078" originy="9.8425196850392" endx="19.685039370078" endy="-9.8425196850392" width="7.8740157480314" />
    <line layer="TOP_ASSEMBLY" originx="19.685039370078" originy="-9.8425196850392" endx="-19.685039370078" endy="-9.8425196850392" width="7.8740157480314" />
    <line layer="TOP_ASSEMBLY" originx="-19.685039370078" originy="-9.8425196850392" endx="-19.685039370078" endy="9.8425196850392" width="7.8740157480314" />
    <line layer="TOP_PLACE_BOUND" originx="-49.212598425196" originy="29.527559055118" endx="49.212598425196" endy="29.527559055118" width="3.9370078740157" />
    <line layer="TOP_PLACE_BOUND" originx="49.212598425196" originy="29.527559055118" endx="49.212598425196" endy="-29.527559055118" width="3.9370078740157" />
    <line layer="TOP_PLACE_BOUND" originx="49.212598425196" originy="-29.527559055118" endx="-49.212598425196" endy="-29.527559055118" width="3.9370078740157" />
    <line layer="TOP_PLACE_BOUND" originx="-49.212598425196" originy="-29.527559055118" endx="-49.212598425196" endy="29.527559055118" width="3.9370078740157" />
  </footprint>
  <symbol name="ERA-2ARB2612X" originx="0" originy="0">
    <line originx="200" originy="50" endx="500" endy="50" width="0" />
    <line originx="500" originy="-50" endx="500" endy="50" width="0" />
    <line originx="500" originy="-50" endx="200" endy="-50" width="0" />
    <line originx="200" originy="50" endx="200" endy="-50" width="0" />
    <sympin number="1" originx="200" originy="0" rotation="180" length="100" width="7.8740157480315" flipped="False">
      <text name="pinname" originx="0" originy="-10" style="Default" rotation="0" justify="upperleft" flipped="False" hidden="True" data="1" />
      <text name="pindes" originx="0" originy="10" style="Default" rotation="0" justify="lowerleft" flipped="False" hidden="False" data="1" />
    </sympin>
    <sympin number="2" originx="500" originy="0" rotation="0" length="100" width="7.8740157480315" flipped="False">
      <text name="pinname" originx="700" originy="-10" style="Default" rotation="0" justify="upperright" flipped="False" hidden="True" data="2" />
      <text name="pindes" originx="700" originy="10" style="Default" rotation="0" justify="lowerright" flipped="False" hidden="False" data="2" />
    </sympin>
  </symbol>
  <component name="ERA-2ARB2612X" designatorprefix="R" height="15.748031496063" footprint="ERA2AED122X">
    <comppin designator="1" sympin="1" pinswap="0" gateswap="0" gate="1" group="1" side="" type="Any" name="1" />
    <comppin designator="2" sympin="2" pinswap="0" gateswap="0" gate="1" group="1" side="" type="Any" name="2" />
    <attached_symbol gate="1" name="ERA-2ARB2612X" />
    <pinmap designator="1" footprintpin="1" />
    <pinmap designator="2" footprintpin="2" />
    <text name="Datasheet" originx="0" originy="0" style="Default" rotation="0" justify="" flipped="False" hidden="True" data="http://industrial.panasonic.com/cdbs/www-data/pdf/RDM0000/AOA0000C307.pdf" />
    <text name="Description" originx="0" originy="0" style="Default" rotation="0" justify="" flipped="False" hidden="True" data="Metal Thin Film Chip Resistor, 0402, 0.063W" />
    <text name="Mouser Part Number" originx="0" originy="0" style="Default" rotation="0" justify="" flipped="False" hidden="True" data="667-ERA-2ARB2612X" />
    <text name="Mouser Price/Stock" originx="0" originy="0" style="Default" rotation="0" justify="" flipped="False" hidden="True" data="https://www.mouser.co.uk/ProductDetail/Panasonic/ERA-2ARB2612X?qs=6%252Bc%252B2ke79U7Sf4Igh5kxeA%3D%3D" />
    <text name="Manufacturer_Name" originx="0" originy="0" style="Default" rotation="0" justify="" flipped="False" hidden="True" data="Panasonic" />
    <text name="Manufacturer_Part_Number" originx="550" originy="150" style="Default" rotation="0" justify="left" flipped="False" hidden="False" data="ERA-2ARB2612X" />
  </component>
</quadcept_library>
