<?xml version="1.0" encoding="utf-8"?>
<!--/13378922/1127645/2.50/6/2/Capacitor Polarised/-->
<quadcept_library>
  <setting unit="mil" />
  <textstyle name="Default" height="47.244094488189" strokewidth="7.8740157480315" charwidth="47.244094488189" />
  <textstyle name="Dimension" height="19.6850393700787" strokewidth="0" charwidth="19.6850393700787" />
  <textstyle name="H127W0635TH00762" height="50" strokewidth="3" charwidth="25" />
  <textstyle name="H15W15TH02" height="59.0551181102362" strokewidth="7.8740157480315" charwidth="59.0551181102362" />
  <padstyle name="r130_110" surface="True" plated="False" isvia="False" nopaste="False" nomask="True" complex="False" holesize="0">
    <padshape layer="TOP" shape="rectangle" width="43.307086614173" height="51.181102362204" />
    <padshape layer="TOP_SOLDER_MASK" shape="rectangle" width="51.181102362204" height="59.055118110235" />
    <padshape layer="TOP_SOLDER_PASTE" shape="rectangle" width="43.307086614173" height="51.181102362204" />
  </padstyle>
  <padstyle name="r440_250" surface="True" plated="False" isvia="False" nopaste="False" nomask="True" complex="False" holesize="0">
    <padshape layer="TOP" shape="rectangle" width="98.425196850392" height="173.22834645669" />
    <padshape layer="TOP_SOLDER_MASK" shape="rectangle" width="106.29921259842" height="181.10236220472" />
    <padshape layer="TOP_SOLDER_PASTE" shape="rectangle" width="98.425196850392" height="173.22834645669" />
  </padstyle>
  <footprint name="EEHZT1E561UV" originx="0" originy="0" pickpointx="0" pickpointy="0">
    <pcbpin number="1" name="1" style="r440_250" originx="0" originy="-163.38582677165" rotation="0" />
    <pcbpin number="2" name="2" style="r440_250" originx="0" originy="163.38582677165" rotation="0" />
    <pcbpin number="3" name="3" style="r130_110" originx="-70.866141732283" originy="-149.6062992126" rotation="0" />
    <pcbpin number="4" name="4" style="r130_110" originx="70.866141732283" originy="-149.6062992126" rotation="0" />
    <pcbpin number="5" name="5" style="r130_110" originx="-70.866141732283" originy="149.6062992126" rotation="0" />
    <pcbpin number="6" name="6" style="r130_110" originx="70.866141732283" originy="149.6062992126" rotation="0" />
    <line layer="TOP_PLACE_BOUND" originx="-242.12598425197" originy="-289.37007874015" endx="242.12598425197" endy="-289.37007874015" width="3.9370078740157" />
    <line layer="TOP_PLACE_BOUND" originx="242.12598425197" originy="-289.37007874015" endx="242.12598425197" endy="289.37007874015" width="3.9370078740157" />
    <line layer="TOP_PLACE_BOUND" originx="242.12598425197" originy="289.37007874015" endx="-242.12598425197" endy="289.37007874015" width="3.9370078740157" />
    <line layer="TOP_PLACE_BOUND" originx="-242.12598425197" originy="289.37007874015" endx="-242.12598425197" endy="-289.37007874015" width="3.9370078740157" />
    <line layer="TOP_SILKSCREEN" originx="-3.9370078740157" originy="-267.71653543307" endx="-3.9370078740157" endy="-267.71653543307" width="7.8740157480314" />
    <arc layer="TOP_SILKSCREEN" originx="3.2782175923971E-15" originy="-267.71653543307" startangle="180.0" sweepangle="180.0" radius="3.9370078740157" width="7.8740157480314" />
    <line layer="TOP_SILKSCREEN" originx="3.9370078740157" originy="-267.71653543307" endx="3.9370078740157" endy="-267.71653543307" width="7.8740157480314" />
    <arc layer="TOP_SILKSCREEN" originx="3.2782175923971E-15" originy="-267.71653543307" startangle=".0" sweepangle="180.0" radius="3.9370078740157" width="7.8740157480314" />
    <line layer="TOP_ASSEMBLY" originx="-118.11023622047" originy="-202.75590551181" endx="-202.75590551181" endy="-118.11023622047" width="3.9370078740157" />
    <line layer="TOP_ASSEMBLY" originx="-202.75590551181" originy="-118.11023622047" endx="-202.75590551181" endy="202.75590551181" width="3.9370078740157" />
    <line layer="TOP_ASSEMBLY" originx="-202.75590551181" originy="202.75590551181" endx="202.75590551181" endy="202.75590551181" width="3.9370078740157" />
    <line layer="TOP_ASSEMBLY" originx="202.75590551181" originy="202.75590551181" endx="202.75590551181" endy="-118.11023622047" width="3.9370078740157" />
    <line layer="TOP_ASSEMBLY" originx="202.75590551181" originy="-118.11023622047" endx="118.11023622047" endy="-202.75590551181" width="3.9370078740157" />
    <line layer="TOP_ASSEMBLY" originx="118.11023622047" originy="-202.75590551181" endx="-118.11023622047" endy="-202.75590551181" width="3.9370078740157" />
    <line layer="TOP_ASSEMBLY" originx="-118.11023622047" originy="-202.75590551181" endx="-202.75590551181" endy="-118.11023622047" width="3.9370078740157" />
    <line layer="TOP_SILKSCREEN" originx="-118.11023622047" originy="-202.75590551181" endx="-202.75590551181" endy="-118.11023622047" width="7.8740157480314" />
    <line layer="TOP_SILKSCREEN" originx="-202.75590551181" originy="-118.11023622047" endx="-202.75590551181" endy="202.75590551181" width="7.8740157480314" />
    <line layer="TOP_SILKSCREEN" originx="-202.75590551181" originy="202.75590551181" endx="-202.75590551181" endy="202.75590551181" width="7.8740157480314" />
    <line layer="TOP_SILKSCREEN" originx="-202.75590551181" originy="202.75590551181" endx="-118.11023622047" endy="202.75590551181" width="7.8740157480314" />
    <line layer="TOP_SILKSCREEN" originx="118.11023622047" originy="202.75590551181" endx="202.75590551181" endy="202.75590551181" width="7.8740157480314" />
    <line layer="TOP_SILKSCREEN" originx="202.75590551181" originy="202.75590551181" endx="202.75590551181" endy="-118.11023622047" width="7.8740157480314" />
    <line layer="TOP_SILKSCREEN" originx="202.75590551181" originy="-118.11023622047" endx="118.11023622047" endy="-202.75590551181" width="7.8740157480314" />
  </footprint>
  <symbol name="EEE-FT1H331AV" originx="0" originy="0">
    <line originx="200" originy="400" endx="800" endy="400" width="0" />
    <line originx="800" originy="-500" endx="800" endy="400" width="0" />
    <line originx="800" originy="-500" endx="200" endy="-500" width="0" />
    <line originx="200" originy="400" endx="200" endy="-500" width="0" />
    <sympin number="1" originx="500" originy="-500" rotation="270" length="100" width="7.8740157480315" flipped="False">
      <text name="pinname" originx="500" originy="-470" style="Default" rotation="0" justify="left" flipped="False" hidden="False" data="+_1" />
      <text name="pindes" originx="480" originy="-560" style="Default" rotation="0" justify="lowerright" flipped="False" hidden="False" data="1" />
    </sympin>
    <sympin number="2" originx="500" originy="400" rotation="90" length="100" width="7.8740157480315" flipped="False">
      <text name="pinname" originx="500" originy="370" style="Default" rotation="0" justify="right" flipped="False" hidden="False" data="-_1" />
      <text name="pindes" originx="480" originy="460" style="Default" rotation="0" justify="lowerleft" flipped="False" hidden="False" data="2" />
    </sympin>
    <sympin number="3" originx="200" originy="-100" rotation="180" length="100" width="7.8740157480315" flipped="False">
      <text name="pinname" originx="230" originy="-100" style="Default" rotation="0" justify="left" flipped="False" hidden="False" data="+_2" />
      <text name="pindes" originx="140" originy="-80" style="Default" rotation="0" justify="lowerright" flipped="False" hidden="False" data="3" />
    </sympin>
    <sympin number="4" originx="800" originy="-100" rotation="0" length="100" width="7.8740157480315" flipped="False">
      <text name="pinname" originx="770" originy="-100" style="Default" rotation="0" justify="right" flipped="False" hidden="False" data="+_3" />
      <text name="pindes" originx="860" originy="-80" style="Default" rotation="0" justify="lowerleft" flipped="False" hidden="False" data="4" />
    </sympin>
    <sympin number="5" originx="200" originy="0" rotation="180" length="100" width="7.8740157480315" flipped="False">
      <text name="pinname" originx="230" originy="0" style="Default" rotation="0" justify="left" flipped="False" hidden="False" data="-_2" />
      <text name="pindes" originx="140" originy="20" style="Default" rotation="0" justify="lowerright" flipped="False" hidden="False" data="5" />
    </sympin>
    <sympin number="6" originx="800" originy="0" rotation="0" length="100" width="7.8740157480315" flipped="False">
      <text name="pinname" originx="770" originy="0" style="Default" rotation="0" justify="right" flipped="False" hidden="False" data="-_3" />
      <text name="pindes" originx="860" originy="20" style="Default" rotation="0" justify="lowerleft" flipped="False" hidden="False" data="6" />
    </sympin>
  </symbol>
  <component name="EEE-FT1H331AV" designatorprefix="C" height="413.38582677165" footprint="EEHZT1E561UV">
    <comppin designator="1" sympin="1" pinswap="0" gateswap="0" gate="1" group="1" side="" type="Any" name="+_1" />
    <comppin designator="2" sympin="2" pinswap="0" gateswap="0" gate="1" group="1" side="" type="Any" name="-_1" />
    <comppin designator="3" sympin="3" pinswap="0" gateswap="0" gate="1" group="1" side="" type="Any" name="+_2" />
    <comppin designator="4" sympin="4" pinswap="0" gateswap="0" gate="1" group="1" side="" type="Any" name="+_3" />
    <comppin designator="5" sympin="5" pinswap="0" gateswap="0" gate="1" group="1" side="" type="Any" name="-_2" />
    <comppin designator="6" sympin="6" pinswap="0" gateswap="0" gate="1" group="1" side="" type="Any" name="-_3" />
    <attached_symbol gate="1" name="EEE-FT1H331AV" />
    <pinmap designator="1" footprintpin="1" />
    <pinmap designator="2" footprintpin="2" />
    <pinmap designator="3" footprintpin="3" />
    <pinmap designator="4" footprintpin="4" />
    <pinmap designator="5" footprintpin="5" />
    <pinmap designator="6" footprintpin="6" />
    <text name="Datasheet" originx="0" originy="0" style="Default" rotation="0" justify="" flipped="False" hidden="True" data="http://industrial.panasonic.com/cdbs/www-data/pdf/RDE0000/ABA0000C1240.pdf" />
    <text name="Description" originx="0" originy="0" style="Default" rotation="0" justify="" flipped="False" hidden="True" data="Aluminium Electroyltic Capacitor, Radial, Vibration-Proof" />
    <text name="Mouser Part Number" originx="0" originy="0" style="Default" rotation="0" justify="" flipped="False" hidden="True" data="667-EEE-FT1H331AV" />
    <text name="Mouser Price/Stock" originx="0" originy="0" style="Default" rotation="0" justify="" flipped="False" hidden="True" data="https://www.mouser.co.uk/ProductDetail/Panasonic/EEE-FT1H331AV?qs=rrS6PyfT74fpXB09SUUxFg%3D%3D" />
    <text name="Manufacturer_Name" originx="0" originy="0" style="Default" rotation="0" justify="" flipped="False" hidden="True" data="Panasonic" />
    <text name="Manufacturer_Part_Number" originx="850" originy="500" style="Default" rotation="0" justify="left" flipped="False" hidden="False" data="EEE-FT1H331AV" />
  </component>
</quadcept_library>
