<?xml version="1.0" encoding="utf-8"?>
<!--/16582478/1127645/2.50/2/2/Resistor/-->
<quadcept_library>
  <setting unit="mil" />
  <textstyle name="Default" height="47.244094488189" strokewidth="7.8740157480315" charwidth="47.244094488189" />
  <textstyle name="Dimension" height="19.6850393700787" strokewidth="0" charwidth="19.6850393700787" />
  <textstyle name="H127W0635TH00762" height="50" strokewidth="3" charwidth="25" />
  <textstyle name="H15W15TH02" height="59.0551181102362" strokewidth="7.8740157480315" charwidth="59.0551181102362" />
  <padstyle name="r150_125" surface="True" plated="False" isvia="False" nopaste="False" nomask="True" complex="False" holesize="0">
    <padshape layer="TOP" shape="rectangle" width="49.212598425196" height="59.055118110235" />
    <padshape layer="TOP_SOLDER_MASK" shape="rectangle" width="57.086614173228" height="66.929133858267" />
    <padshape layer="TOP_SOLDER_PASTE" shape="rectangle" width="49.212598425196" height="59.055118110235" />
  </padstyle>
  <footprint name="ERA8KEB1004V" originx="0" originy="0" pickpointx="0" pickpointy="0">
    <pcbpin number="1" name="1" style="r150_125" originx="-67.913385826771" originy="0" rotation="0" />
    <pcbpin number="2" name="2" style="r150_125" originx="67.913385826771" originy="0" rotation="0" />
    <line layer="TOP_ASSEMBLY" originx="-62.992125984251" originy="31.496062992126" endx="62.992125984251" endy="31.496062992126" width="3.9370078740157" />
    <line layer="TOP_ASSEMBLY" originx="62.992125984251" originy="31.496062992126" endx="62.992125984251" endy="-31.496062992126" width="3.9370078740157" />
    <line layer="TOP_ASSEMBLY" originx="62.992125984251" originy="-31.496062992126" endx="-62.992125984251" endy="-31.496062992126" width="3.9370078740157" />
    <line layer="TOP_ASSEMBLY" originx="-62.992125984251" originy="-31.496062992126" endx="-62.992125984251" endy="31.496062992126" width="3.9370078740157" />
    <line layer="TOP_PLACE_BOUND" originx="-131.88976377953" originy="70.866141732283" endx="131.88976377953" endy="70.866141732283" width="3.9370078740157" />
    <line layer="TOP_PLACE_BOUND" originx="131.88976377953" originy="70.866141732283" endx="131.88976377953" endy="-70.866141732283" width="3.9370078740157" />
    <line layer="TOP_PLACE_BOUND" originx="131.88976377953" originy="-70.866141732283" endx="-131.88976377953" endy="-70.866141732283" width="3.9370078740157" />
    <line layer="TOP_PLACE_BOUND" originx="-131.88976377953" originy="-70.866141732283" endx="-131.88976377953" endy="70.866141732283" width="3.9370078740157" />
    <line layer="TOP_SILKSCREEN" originx="-110.23622047244" originy="3.9370078740157" endx="-110.23622047244" endy="3.9370078740157" width="7.8740157480314" />
    <arc layer="TOP_SILKSCREEN" originx="-110.23622047244" originy="0" startangle="90.0" sweepangle="180.0" radius="3.9370078740157" width="7.8740157480314" />
    <line layer="TOP_SILKSCREEN" originx="-110.23622047244" originy="-3.9370078740157" endx="-110.23622047244" endy="-3.9370078740157" width="7.8740157480314" />
    <arc layer="TOP_SILKSCREEN" originx="-110.23622047244" originy="0" startangle="-90.0" sweepangle="180.0" radius="3.9370078740157" width="7.8740157480314" />
    <line layer="TOP_SILKSCREEN" originx="-35.433070866141" originy="-31.496062992126" endx="35.433070866141" endy="-31.496062992126" width="7.8740157480314" />
    <line layer="TOP_SILKSCREEN" originx="-35.433070866141" originy="31.496062992126" endx="35.433070866141" endy="31.496062992126" width="7.8740157480314" />
  </footprint>
  <symbol name="ERA-8VRB2202V" originx="0" originy="0">
    <line originx="200" originy="50" endx="500" endy="50" width="0" />
    <line originx="500" originy="-50" endx="500" endy="50" width="0" />
    <line originx="500" originy="-50" endx="200" endy="-50" width="0" />
    <line originx="200" originy="50" endx="200" endy="-50" width="0" />
    <sympin number="1" originx="200" originy="0" rotation="180" length="100" width="7.8740157480315" flipped="False">
      <text name="pinname" originx="0" originy="-10" style="Default" rotation="0" justify="upperleft" flipped="False" hidden="True" data="1" />
      <text name="pindes" originx="0" originy="10" style="Default" rotation="0" justify="lowerleft" flipped="False" hidden="False" data="1" />
    </sympin>
    <sympin number="2" originx="500" originy="0" rotation="0" length="100" width="7.8740157480315" flipped="False">
      <text name="pinname" originx="700" originy="-10" style="Default" rotation="0" justify="upperright" flipped="False" hidden="True" data="2" />
      <text name="pindes" originx="700" originy="10" style="Default" rotation="0" justify="lowerright" flipped="False" hidden="False" data="2" />
    </sympin>
  </symbol>
  <component name="ERA-8VRB2202V" designatorprefix="R" height="25.590551181102" footprint="ERA8KEB1004V">
    <comppin designator="1" sympin="1" pinswap="0" gateswap="0" gate="1" group="1" side="" type="Any" name="1" />
    <comppin designator="2" sympin="2" pinswap="0" gateswap="0" gate="1" group="1" side="" type="Any" name="2" />
    <attached_symbol gate="1" name="ERA-8VRB2202V" />
    <pinmap designator="1" footprintpin="1" />
    <pinmap designator="2" footprintpin="2" />
    <text name="Datasheet" originx="0" originy="0" style="Default" rotation="0" justify="" flipped="False" hidden="True" data="https://industrial.panasonic.com/cdbs/www-data/pdf/RDM0000/RDM0000C331.pdf" />
    <text name="Description" originx="0" originy="0" style="Default" rotation="0" justify="" flipped="False" hidden="True" data="Series/Type: Thin Film Chip Resistors, High Stability and Reliability Type, Power Rating (W): 0.25, Chip Size (LxW(EIA)) (mm): 3.2 x 1.6 (EIA:1206), Resistance Values (): 22000, Resistance Tolerance (%): 0.1, T.C.R (10/K): +/-10" />
    <text name="Mouser Part Number" originx="0" originy="0" style="Default" rotation="0" justify="" flipped="False" hidden="True" data="667-ERA-8VRB2202V" />
    <text name="Mouser Price/Stock" originx="0" originy="0" style="Default" rotation="0" justify="" flipped="False" hidden="True" data="https://www.mouser.co.uk/ProductDetail/Panasonic/ERA-8VRB2202V?qs=By6Nw2ByBD3%2FoAbDOoVhgg%3D%3D" />
    <text name="Manufacturer_Name" originx="0" originy="0" style="Default" rotation="0" justify="" flipped="False" hidden="True" data="Panasonic" />
    <text name="Manufacturer_Part_Number" originx="550" originy="150" style="Default" rotation="0" justify="left" flipped="False" hidden="False" data="ERA-8VRB2202V" />
  </component>
</quadcept_library>
