<?xml version="1.0" encoding="utf-8"?>
<!--/12975414/1127645/2.50/2/2/Capacitor/-->
<quadcept_library>
  <setting unit="mil" />
  <textstyle name="Default" height="47.244094488189" strokewidth="7.8740157480315" charwidth="47.244094488189" />
  <textstyle name="Dimension" height="19.6850393700787" strokewidth="0" charwidth="19.6850393700787" />
  <textstyle name="H127W0635TH00762" height="50" strokewidth="3" charwidth="25" />
  <textstyle name="H15W15TH02" height="59.0551181102362" strokewidth="7.8740157480315" charwidth="59.0551181102362" />
  <padstyle name="c150_h100" surface="False" plated="True" isvia="False" nopaste="True" nomask="True" complex="False" holesize="39.370078740157">
    <padshape layer="TOP" shape="round" width="59.055118110235" height="59.055118110235" />
    <padshape layer="TOP_SOLDER_MASK" shape="round" width="66.929133858267" height="66.929133858267" />
    <padshape layer="INNER" shape="round" width="59.055118110235" height="59.055118110235" />
    <padshape layer="BOTTOM" shape="round" width="59.055118110235" height="59.055118110235" />
    <padshape layer="BOTTOM_SOLDER_MASK" shape="round" width="66.929133858267" height="66.929133858267" />
  </padstyle>
  <footprint name="MKP1848C52080JK2" originx="0" originy="0" pickpointx="0" pickpointy="0">
    <pcbpin number="1" name="1" style="c150_h100" originx="0" originy="0" rotation="90" />
    <pcbpin number="2" name="2" style="c150_h100" originx="1082.6771653543" originy="0" rotation="90" />
    <line layer="TOP_ASSEMBLY" originx="-88.582677165353" originy="-177.16535433071" endx="1171.2598425197" endy="-177.16535433071" width="3.9370078740157" />
    <line layer="TOP_ASSEMBLY" originx="1171.2598425197" originy="-177.16535433071" endx="1171.2598425197" endy="177.16535433071" width="3.9370078740157" />
    <line layer="TOP_ASSEMBLY" originx="1171.2598425197" originy="177.16535433071" endx="-88.582677165353" endy="177.16535433071" width="3.9370078740157" />
    <line layer="TOP_ASSEMBLY" originx="-88.582677165353" originy="177.16535433071" endx="-88.582677165353" endy="-177.16535433071" width="3.9370078740157" />
    <line layer="TOP_PLACE_BOUND" originx="-127.95275590551" originy="216.53543307086" endx="1210.6299212598" endy="216.53543307086" width="3.9370078740157" />
    <line layer="TOP_PLACE_BOUND" originx="1210.6299212598" originy="216.53543307086" endx="1210.6299212598" endy="-216.53543307086" width="3.9370078740157" />
    <line layer="TOP_PLACE_BOUND" originx="1210.6299212598" originy="-216.53543307086" endx="-127.95275590551" endy="-216.53543307086" width="3.9370078740157" />
    <line layer="TOP_PLACE_BOUND" originx="-127.95275590551" originy="-216.53543307086" endx="-127.95275590551" endy="216.53543307086" width="3.9370078740157" />
    <line layer="TOP_SILKSCREEN" originx="-88.582677165353" originy="177.16535433071" endx="1171.2598425197" endy="177.16535433071" width="7.8740157480314" />
    <line layer="TOP_SILKSCREEN" originx="1171.2598425197" originy="177.16535433071" endx="1171.2598425197" endy="-177.16535433071" width="7.8740157480314" />
    <line layer="TOP_SILKSCREEN" originx="1171.2598425197" originy="-177.16535433071" endx="-88.582677165353" endy="-177.16535433071" width="7.8740157480314" />
    <line layer="TOP_SILKSCREEN" originx="-88.582677165353" originy="-177.16535433071" endx="-88.582677165353" endy="177.16535433071" width="7.8740157480314" />
    <line layer="TOP_SILKSCREEN" originx="-114.17322834646" originy="0" endx="-114.17322834646" endy="0" width="7.8740157480314" />
    <arc layer="TOP_SILKSCREEN" originx="-112.20472440945" originy="0" startangle="180.0" sweepangle="180.0" radius="1.9685039370079" width="7.8740157480314" />
    <line layer="TOP_SILKSCREEN" originx="-110.23622047244" originy="0" endx="-110.23622047244" endy="0" width="7.8740157480314" />
    <arc layer="TOP_SILKSCREEN" originx="-112.20472440945" originy="0" startangle=".0" sweepangle="180.0" radius="1.9685039370079" width="7.8740157480314" />
    <line layer="TOP_SILKSCREEN" originx="-114.17322834646" originy="0" endx="-114.17322834646" endy="0" width="7.8740157480314" />
    <arc layer="TOP_SILKSCREEN" originx="-112.20472440945" originy="0" startangle="180.0" sweepangle="180.0" radius="1.9685039370079" width="7.8740157480314" />
  </footprint>
  <symbol name="MKP1848C52080JK2" originx="0" originy="0">
    <line originx="220" originy="100" endx="220" endy="-100" width="0" />
    <line originx="280" originy="100" endx="280" endy="-100" width="0" />
    <line originx="200" originy="0" endx="220" endy="0" width="0" />
    <line originx="280" originy="0" endx="300" endy="0" width="0" />
    <sympin number="1" originx="200" originy="0" rotation="180" length="100" width="7.8740157480315" flipped="False">
      <text name="pinname" originx="0" originy="-10" style="Default" rotation="0" justify="upperleft" flipped="False" hidden="True" data="1" />
      <text name="pindes" originx="0" originy="10" style="Default" rotation="0" justify="lowerleft" flipped="False" hidden="False" data="1" />
    </sympin>
    <sympin number="2" originx="300" originy="0" rotation="0" length="100" width="7.8740157480315" flipped="False">
      <text name="pinname" originx="500" originy="-10" style="Default" rotation="0" justify="upperright" flipped="False" hidden="True" data="2" />
      <text name="pindes" originx="500" originy="10" style="Default" rotation="0" justify="lowerright" flipped="False" hidden="False" data="2" />
    </sympin>
  </symbol>
  <component name="MKP1848C52080JK2" designatorprefix="C" height="748.03149606298" footprint="MKP1848C52080JK2">
    <comppin designator="1" sympin="1" pinswap="0" gateswap="0" gate="1" group="1" side="" type="Any" name="1" />
    <comppin designator="2" sympin="2" pinswap="0" gateswap="0" gate="1" group="1" side="" type="Any" name="2" />
    <attached_symbol gate="1" name="MKP1848C52080JK2" />
    <pinmap designator="1" footprintpin="1" />
    <pinmap designator="2" footprintpin="2" />
    <text name="Datasheet" originx="0" originy="0" style="Default" rotation="0" justify="" flipped="False" hidden="True" data="https://4donline.ihs.com/images/VipMasterIC/IC/VISH/VISH-S-A0006718831/VISH-S-A0006718831-1.pdf?hkey=CECEF36DEECDED6468708AAF2E19C0C6" />
    <text name="Description" originx="0" originy="0" style="Default" rotation="0" justify="" flipped="False" hidden="True" data="Film Capacitors 2uF 5% 800V" />
    <text name="Mouser Part Number" originx="0" originy="0" style="Default" rotation="0" justify="" flipped="False" hidden="True" data="75-MKP1848C52080JK2" />
    <text name="Mouser Price/Stock" originx="0" originy="0" style="Default" rotation="0" justify="" flipped="False" hidden="True" data="https://www.mouser.co.uk/ProductDetail/Vishay-Roederstein/MKP1848C52080JK2?qs=HVbQlW5zcXXd%2FkjsDzvKfA%3D%3D" />
    <text name="Manufacturer_Name" originx="0" originy="0" style="Default" rotation="0" justify="" flipped="False" hidden="True" data="Vishay" />
    <text name="Manufacturer_Part_Number" originx="350" originy="150" style="Default" rotation="0" justify="left" flipped="False" hidden="False" data="MKP1848C52080JK2" />
  </component>
</quadcept_library>
