<?xml version="1.0" encoding="utf-8"?>
<!--/18662843/1127645/2.50/2/3/Capacitor/-->
<quadcept_library>
  <setting unit="mil" />
  <textstyle name="Default" height="47.244094488189" strokewidth="7.8740157480315" charwidth="47.244094488189" />
  <textstyle name="Dimension" height="19.6850393700787" strokewidth="0" charwidth="19.6850393700787" />
  <textstyle name="H127W0635TH00762" height="50" strokewidth="3" charwidth="25" />
  <textstyle name="H15W15TH02" height="59.0551181102362" strokewidth="7.8740157480315" charwidth="59.0551181102362" />
  <padstyle name="r47.5_44" surface="True" plated="False" isvia="False" nopaste="False" nomask="True" complex="False" holesize="0">
    <padshape layer="TOP" shape="rectangle" width="17.322834645669" height="18.700787401575" />
    <padshape layer="TOP_SOLDER_MASK" shape="rectangle" width="25.1968503937" height="26.574803149606" />
    <padshape layer="TOP_SOLDER_PASTE" shape="rectangle" width="17.322834645669" height="18.700787401575" />
  </padstyle>
  <footprint name="CAPC0603X39N" originx="0" originy="0" pickpointx="0" pickpointy="0">
    <pcbpin number="1" name="1" style="r47.5_44" originx="-13.307086614173" originy="0" rotation="90" />
    <pcbpin number="2" name="2" style="r47.5_44" originx="13.307086614173" originy="0" rotation="90" />
    <line layer="TOP_PLACE_BOUND" originx="-28.543307086614" originy="14.566929133858" endx="28.543307086614" endy="14.566929133858" width="1.9685039370079" />
    <line layer="TOP_PLACE_BOUND" originx="28.543307086614" originy="14.566929133858" endx="28.543307086614" endy="-14.566929133858" width="1.9685039370079" />
    <line layer="TOP_PLACE_BOUND" originx="28.543307086614" originy="-14.566929133858" endx="-28.543307086614" endy="-14.566929133858" width="1.9685039370079" />
    <line layer="TOP_PLACE_BOUND" originx="-28.543307086614" originy="-14.566929133858" endx="-28.543307086614" endy="14.566929133858" width="1.9685039370079" />
    <line layer="TOP_ASSEMBLY" originx="-11.811023622047" originy="5.9055118110235" endx="11.811023622047" endy="5.9055118110235" width="3.9370078740157" />
    <line layer="TOP_ASSEMBLY" originx="11.811023622047" originy="5.9055118110235" endx="11.811023622047" endy="-5.9055118110235" width="3.9370078740157" />
    <line layer="TOP_ASSEMBLY" originx="11.811023622047" originy="-5.9055118110235" endx="-11.811023622047" endy="-5.9055118110235" width="3.9370078740157" />
    <line layer="TOP_ASSEMBLY" originx="-11.811023622047" originy="-5.9055118110235" endx="-11.811023622047" endy="5.9055118110235" width="3.9370078740157" />
  </footprint>
  <symbol name="KAM03CT70J105KH" originx="0" originy="0">
    <line originx="220" originy="100" endx="220" endy="-100" width="0" />
    <line originx="280" originy="100" endx="280" endy="-100" width="0" />
    <line originx="200" originy="0" endx="220" endy="0" width="0" />
    <line originx="280" originy="0" endx="300" endy="0" width="0" />
    <sympin number="1" originx="200" originy="0" rotation="180" length="100" width="7.8740157480315" flipped="False">
      <text name="pinname" originx="0" originy="-10" style="Default" rotation="0" justify="upperleft" flipped="False" hidden="True" data="1" />
      <text name="pindes" originx="0" originy="10" style="Default" rotation="0" justify="lowerleft" flipped="False" hidden="False" data="1" />
    </sympin>
    <sympin number="2" originx="300" originy="0" rotation="0" length="100" width="7.8740157480315" flipped="False">
      <text name="pinname" originx="500" originy="-10" style="Default" rotation="0" justify="upperright" flipped="False" hidden="True" data="2" />
      <text name="pindes" originx="500" originy="10" style="Default" rotation="0" justify="lowerright" flipped="False" hidden="False" data="2" />
    </sympin>
  </symbol>
  <component name="KAM03CT70J105KH" designatorprefix="C" height="15.354330708661" footprint="CAPC0603X39N">
    <comppin designator="1" sympin="1" pinswap="0" gateswap="0" gate="1" group="1" side="" type="Any" name="1" />
    <comppin designator="2" sympin="2" pinswap="0" gateswap="0" gate="1" group="1" side="" type="Any" name="2" />
    <attached_symbol gate="1" name="KAM03CT70J105KH" />
    <pinmap designator="1" footprintpin="1" />
    <pinmap designator="2" footprintpin="2" />
    <text name="Datasheet" originx="0" originy="0" style="Default" rotation="0" justify="" flipped="False" hidden="True" data="https://spicat.kyocera-avx.com/product/mlcc/chartview/KAM03CT70J105KH/DataSheet/X7T" />
    <text name="Description" originx="0" originy="0" style="Default" rotation="0" justify="" flipped="False" hidden="True" data="Multilayer Ceramic Capacitors MLCC - SMD/SMT 6.3V 1uF X7T 0201 10% AEC-Q200" />
    <text name="Mouser Part Number" originx="0" originy="0" style="Default" rotation="0" justify="" flipped="False" hidden="True" data="581-KAM03CT70J105KH" />
    <text name="Mouser Price/Stock" originx="0" originy="0" style="Default" rotation="0" justify="" flipped="False" hidden="True" data="https://www.mouser.co.uk/ProductDetail/KYOCERA-AVX/KAM03CT70J105KH?qs=amGC7iS6iy9BaDKwbVeMwg%3D%3D" />
    <text name="Manufacturer_Name" originx="0" originy="0" style="Default" rotation="0" justify="" flipped="False" hidden="True" data="Kyocera AVX" />
    <text name="Manufacturer_Part_Number" originx="350" originy="150" style="Default" rotation="0" justify="left" flipped="False" hidden="False" data="KAM03CT70J105KH" />
  </component>
</quadcept_library>
