<?xml version="1.0" encoding="utf-8"?>
<!--/717813/1127645/2.50/2/2/Capacitor/-->
<quadcept_library>
  <setting unit="mil" />
  <textstyle name="Default" height="47.244094488189" strokewidth="7.8740157480315" charwidth="47.244094488189" />
  <textstyle name="Dimension" height="19.6850393700787" strokewidth="0" charwidth="19.6850393700787" />
  <textstyle name="H127W0635TH00762" height="50" strokewidth="3" charwidth="25" />
  <textstyle name="H15W15TH02" height="59.0551181102362" strokewidth="7.8740157480315" charwidth="59.0551181102362" />
  <padstyle name="s62" surface="True" plated="False" isvia="False" nopaste="False" nomask="True" complex="False" holesize="0">
    <padshape layer="TOP" shape="square" width="24.409448818897" height="24.409448818897" />
    <padshape layer="TOP_SOLDER_MASK" shape="square" width="32.283464566929" height="32.283464566929" />
    <padshape layer="TOP_SOLDER_PASTE" shape="square" width="24.409448818897" height="24.409448818897" />
  </padstyle>
  <footprint name="C0402C104J4RACTU" originx="0" originy="0" pickpointx="0" pickpointy="0">
    <pcbpin number="1" name="1" style="s62" originx="-17.716535433071" originy="0" rotation="90" />
    <pcbpin number="2" name="2" style="s62" originx="17.716535433071" originy="0" rotation="90" />
    <line layer="TOP_ASSEMBLY" originx="-19.685039370078" originy="9.8425196850392" endx="19.685039370078" endy="9.8425196850392" width="3.9370078740157" />
    <line layer="TOP_ASSEMBLY" originx="19.685039370078" originy="9.8425196850392" endx="19.685039370078" endy="-9.8425196850392" width="3.9370078740157" />
    <line layer="TOP_ASSEMBLY" originx="19.685039370078" originy="-9.8425196850392" endx="-19.685039370078" endy="-9.8425196850392" width="3.9370078740157" />
    <line layer="TOP_ASSEMBLY" originx="-19.685039370078" originy="-9.8425196850392" endx="-19.685039370078" endy="9.8425196850392" width="3.9370078740157" />
    <line layer="TOP_PLACE_BOUND" originx="-49.606299212598" originy="31.889763779527" endx="49.606299212598" endy="31.889763779527" width="3.9370078740157" />
    <line layer="TOP_PLACE_BOUND" originx="49.606299212598" originy="31.889763779527" endx="49.606299212598" endy="-31.889763779527" width="3.9370078740157" />
    <line layer="TOP_PLACE_BOUND" originx="49.606299212598" originy="-31.889763779527" endx="-49.606299212598" endy="-31.889763779527" width="3.9370078740157" />
    <line layer="TOP_PLACE_BOUND" originx="-49.606299212598" originy="-31.889763779527" endx="-49.606299212598" endy="31.889763779527" width="3.9370078740157" />
    <line layer="TOP_SILKSCREEN" originx="-39.370078740157" originy="1.9685039370079" endx="-39.370078740157" endy="1.9685039370079" width="3.9370078740157" />
    <arc layer="TOP_SILKSCREEN" originx="-39.370078740157" originy="0" startangle="90.0" sweepangle="180.0" radius="1.9685039370079" width="3.9370078740157" />
    <line layer="TOP_SILKSCREEN" originx="-39.370078740157" originy="-1.9685039370079" endx="-39.370078740157" endy="-1.9685039370079" width="3.9370078740157" />
    <arc layer="TOP_SILKSCREEN" originx="-39.370078740157" originy="0" startangle="-90.0" sweepangle="180.0" radius="1.9685039370079" width="3.9370078740157" />
  </footprint>
  <symbol name="C0402C621J5GACTU" originx="0" originy="0">
    <line originx="220" originy="100" endx="220" endy="-100" width="0" />
    <line originx="280" originy="100" endx="280" endy="-100" width="0" />
    <line originx="200" originy="0" endx="220" endy="0" width="0" />
    <line originx="280" originy="0" endx="300" endy="0" width="0" />
    <sympin number="1" originx="200" originy="0" rotation="180" length="100" width="7.8740157480315" flipped="False">
      <text name="pinname" originx="0" originy="-10" style="Default" rotation="0" justify="upperleft" flipped="False" hidden="True" data="1" />
      <text name="pindes" originx="0" originy="10" style="Default" rotation="0" justify="lowerleft" flipped="False" hidden="False" data="1" />
    </sympin>
    <sympin number="2" originx="300" originy="0" rotation="0" length="100" width="7.8740157480315" flipped="False">
      <text name="pinname" originx="500" originy="-10" style="Default" rotation="0" justify="upperright" flipped="False" hidden="True" data="2" />
      <text name="pindes" originx="500" originy="10" style="Default" rotation="0" justify="lowerright" flipped="False" hidden="False" data="2" />
    </sympin>
  </symbol>
  <component name="C0402C621J5GACTU" designatorprefix="C" height="21.653543307086" footprint="C0402C104J4RACTU">
    <comppin designator="1" sympin="1" pinswap="0" gateswap="0" gate="1" group="1" side="" type="Any" name="1" />
    <comppin designator="2" sympin="2" pinswap="0" gateswap="0" gate="1" group="1" side="" type="Any" name="2" />
    <attached_symbol gate="1" name="C0402C621J5GACTU" />
    <pinmap designator="1" footprintpin="1" />
    <pinmap designator="2" footprintpin="2" />
    <text name="Datasheet" originx="0" originy="0" style="Default" rotation="0" justify="" flipped="False" hidden="True" data="https://componentsearchengine.com/Datasheets/1/C0402C621J5GACTU.pdf" />
    <text name="Description" originx="0" originy="0" style="Default" rotation="0" justify="" flipped="False" hidden="True" data="SMD Comm C0G, Ceramic, 620 pF, 5%, 50 VDC, 125 VDC, 125C, -55C, C0G, SMD, MLCC, Ultra-Stable, Low Loss, Class I, 0.1 % , 100 GOhms, 1.06 mg, 0402, 1mm, 0.5mm, 0.5mm, 0.3mm, 0.3mm, 10000, 78  Weeks, 120" />
    <text name="Mouser Part Number" originx="0" originy="0" style="Default" rotation="0" justify="" flipped="False" hidden="True" data="80-C0402C621J5G" />
    <text name="Mouser Price/Stock" originx="0" originy="0" style="Default" rotation="0" justify="" flipped="False" hidden="True" data="http://www.mouser.com/Search/ProductDetail.aspx?qs=GP7tGcbp1QRIekJfjnk3Vg%3d%3d" />
    <text name="Manufacturer_Name" originx="0" originy="0" style="Default" rotation="0" justify="" flipped="False" hidden="True" data="KEMET" />
    <text name="Manufacturer_Part_Number" originx="350" originy="150" style="Default" rotation="0" justify="left" flipped="False" hidden="False" data="C0402C621J5GACTU" />
  </component>
</quadcept_library>
