<?xml version="1.0" encoding="utf-8"?>
<!--/1449218/1127645/2.50/2/4/Diode/-->
<quadcept_library>
  <setting unit="mil" />
  <textstyle name="Default" height="47.244094488189" strokewidth="7.8740157480315" charwidth="47.244094488189" />
  <textstyle name="Dimension" height="19.6850393700787" strokewidth="0" charwidth="19.6850393700787" />
  <textstyle name="H127W0635TH00762" height="50" strokewidth="3" charwidth="25" />
  <textstyle name="H15W15TH02" height="59.0551181102362" strokewidth="7.8740157480315" charwidth="59.0551181102362" />
  <padstyle name="c207_h138" surface="False" plated="True" isvia="False" nopaste="True" nomask="True" complex="False" holesize="54.330708661417">
    <padshape layer="TOP" shape="round" width="81.496062992125" height="81.496062992125" />
    <padshape layer="TOP_SOLDER_MASK" shape="round" width="89.370078740156" height="89.370078740156" />
    <padshape layer="INNER" shape="round" width="81.496062992125" height="81.496062992125" />
    <padshape layer="BOTTOM" shape="round" width="81.496062992125" height="81.496062992125" />
    <padshape layer="BOTTOM_SOLDER_MASK" shape="round" width="89.370078740156" height="89.370078740156" />
  </padstyle>
  <padstyle name="s207_h138" surface="False" plated="True" isvia="False" nopaste="True" nomask="True" complex="False" holesize="54.330708661417">
    <padshape layer="TOP" shape="square" width="81.496062992125" height="81.496062992125" />
    <padshape layer="TOP_SOLDER_MASK" shape="square" width="89.370078740156" height="89.370078740156" />
    <padshape layer="INNER" shape="round" width="81.496062992125" height="81.496062992125" />
    <padshape layer="BOTTOM" shape="square" width="81.496062992125" height="81.496062992125" />
    <padshape layer="BOTTOM_SOLDER_MASK" shape="square" width="89.370078740156" height="89.370078740156" />
  </padstyle>
  <footprint name="TO508P465X1031X1932-2P" originx="0" originy="0" pickpointx="0" pickpointy="0">
    <pcbpin number="1" name="1" style="s207_h138" originx="0" originy="0" rotation="90" />
    <pcbpin number="2" name="2" style="c207_h138" originx="200" originy="0" rotation="90" />
    <line layer="TOP_PLACE_BOUND" originx="-116.73228346457" originy="136.81102362205" endx="316.73228346456" endy="136.81102362205" width="1.9685039370079" />
    <line layer="TOP_PLACE_BOUND" originx="316.73228346456" originy="136.81102362205" endx="316.73228346456" endy="-65.944881889763" width="1.9685039370079" />
    <line layer="TOP_PLACE_BOUND" originx="316.73228346456" originy="-65.944881889763" endx="-116.73228346457" endy="-65.944881889763" width="1.9685039370079" />
    <line layer="TOP_PLACE_BOUND" originx="-116.73228346457" originy="-65.944881889763" endx="-116.73228346457" endy="136.81102362205" width="1.9685039370079" />
    <line layer="TOP_ASSEMBLY" originx="-106.88976377953" originy="126.96850393701" endx="306.88976377952" endy="126.96850393701" width="3.9370078740157" />
    <line layer="TOP_ASSEMBLY" originx="306.88976377952" originy="126.96850393701" endx="306.88976377952" endy="-56.102362204724" width="3.9370078740157" />
    <line layer="TOP_ASSEMBLY" originx="306.88976377952" originy="-56.102362204724" endx="-106.88976377953" endy="-56.102362204724" width="3.9370078740157" />
    <line layer="TOP_ASSEMBLY" originx="-106.88976377953" originy="-56.102362204724" endx="-106.88976377953" endy="126.96850393701" width="3.9370078740157" />
    <line layer="TOP_ASSEMBLY" originx="-106.88976377953" originy="26.968503937008" endx="-6.8897637795275" endy="126.96850393701" width="3.9370078740157" />
    <line layer="TOP_SILKSCREEN" originx="306.88976377952" originy="-56.102362204724" endx="306.88976377952" endy="126.96850393701" width="7.8740157480314" />
    <line layer="TOP_SILKSCREEN" originx="306.88976377952" originy="126.96850393701" endx="-106.88976377953" endy="126.96850393701" width="7.8740157480314" />
    <line layer="TOP_SILKSCREEN" originx="-106.88976377953" originy="126.96850393701" endx="-106.88976377953" endy="0" width="7.8740157480314" />
  </footprint>
  <symbol name="VS-15ETH06-M3" originx="0" originy="0">
    <line originx="200" originy="100" endx="200" endy="-100" width="0" />
    <line originx="100" originy="0" endx="200" endy="0" width="0" />
    <line originx="400" originy="0" endx="500" endy="0" width="0" />
    <sympin number="1" originx="100" originy="0" rotation="180" length="100" width="7.8740157480315" flipped="False">
      <text name="pinname" originx="140" originy="10" style="Default" rotation="0" justify="left" flipped="False" hidden="True" data="K" />
      <text name="pindes" originx="60" originy="10" style="Default" rotation="0" justify="lowerright" flipped="False" hidden="False" data="1" />
    </sympin>
    <sympin number="2" originx="500" originy="0" rotation="0" length="100" width="7.8740157480315" flipped="False">
      <text name="pinname" originx="460" originy="10" style="Default" rotation="0" justify="right" flipped="False" hidden="True" data="A" />
      <text name="pindes" originx="540" originy="10" style="Default" rotation="0" justify="lowerleft" flipped="False" hidden="False" data="2" />
    </sympin>
    <polygon type="polygon">
      <point x="200" y="0" />
      <point x="400" y="100" />
      <point x="400" y="-100" />
    </polygon>
  </symbol>
  <component name="VS-15ETH06-M3" designatorprefix="D" height="183.07086614173" footprint="TO508P465X1031X1932-2P">
    <comppin designator="1" sympin="1" pinswap="0" gateswap="0" gate="1" group="1" side="" type="Any" name="K" />
    <comppin designator="2" sympin="2" pinswap="0" gateswap="0" gate="1" group="1" side="" type="Any" name="A" />
    <attached_symbol gate="1" name="VS-15ETH06-M3" />
    <pinmap designator="1" footprintpin="1" />
    <pinmap designator="2" footprintpin="2" />
    <text name="Datasheet" originx="0" originy="0" style="Default" rotation="0" justify="" flipped="False" hidden="True" data="https://www.vishay.com/docs/96174/vs-15eth06.pdf" />
    <text name="Description" originx="0" originy="0" style="Default" rotation="0" justify="" flipped="False" hidden="True" data="Rectifiers 600V 15A TO-220 Fred Pt" />
    <text name="Mouser Part Number" originx="0" originy="0" style="Default" rotation="0" justify="" flipped="False" hidden="True" data="78-VS-15ETH06-M3" />
    <text name="Mouser Price/Stock" originx="0" originy="0" style="Default" rotation="0" justify="" flipped="False" hidden="True" data="https://www.mouser.co.uk/ProductDetail/Vishay-Semiconductors/VS-15ETH06-M3?qs=F5EMLAvA7ID9zHqiI9WHWg%3D%3D" />
    <text name="Manufacturer_Name" originx="0" originy="0" style="Default" rotation="0" justify="" flipped="False" hidden="True" data="Vishay" />
    <text name="Manufacturer_Part_Number" originx="450" originy="100" style="Default" rotation="0" justify="left" flipped="False" hidden="False" data="VS-15ETH06-M3" />
  </component>
</quadcept_library>
