<?xml version="1.0" encoding="utf-8"?>
<!--/14817082/1127645/2.50/2/2/Resistor/-->
<quadcept_library>
  <setting unit="mil" />
  <textstyle name="Default" height="47.244094488189" strokewidth="7.8740157480315" charwidth="47.244094488189" />
  <textstyle name="Dimension" height="19.6850393700787" strokewidth="0" charwidth="19.6850393700787" />
  <textstyle name="H127W0635TH00762" height="50" strokewidth="3" charwidth="25" />
  <textstyle name="H15W15TH02" height="59.0551181102362" strokewidth="7.8740157480315" charwidth="59.0551181102362" />
  <padstyle name="r335_125" surface="True" plated="False" isvia="False" nopaste="False" nomask="True" complex="False" holesize="0">
    <padshape layer="TOP" shape="rectangle" width="49.212598425196" height="131.88976377953" />
    <padshape layer="TOP_SOLDER_MASK" shape="rectangle" width="57.086614173228" height="139.76377952756" />
    <padshape layer="TOP_SOLDER_PASTE" shape="rectangle" width="49.212598425196" height="131.88976377953" />
  </padstyle>
  <footprint name="RESC6332X70N" originx="0" originy="0" pickpointx="0" pickpointy="0">
    <pcbpin number="1" name="1" style="r335_125" originx="-118.11023622047" originy="0" rotation="0" />
    <pcbpin number="2" name="2" style="r335_125" originx="118.11023622047" originy="0" rotation="0" />
    <line layer="TOP_PLACE_BOUND" originx="-152.55905511811" originy="76.771653543306" endx="152.55905511811" endy="76.771653543306" width="1.9685039370079" />
    <line layer="TOP_PLACE_BOUND" originx="152.55905511811" originy="76.771653543306" endx="152.55905511811" endy="-76.771653543306" width="1.9685039370079" />
    <line layer="TOP_PLACE_BOUND" originx="152.55905511811" originy="-76.771653543306" endx="-152.55905511811" endy="-76.771653543306" width="1.9685039370079" />
    <line layer="TOP_PLACE_BOUND" originx="-152.55905511811" originy="-76.771653543306" endx="-152.55905511811" endy="76.771653543306" width="1.9685039370079" />
    <line layer="TOP_ASSEMBLY" originx="-124.01574803149" originy="62.007874015747" endx="124.01574803149" endy="62.007874015747" width="3.9370078740157" />
    <line layer="TOP_ASSEMBLY" originx="124.01574803149" originy="62.007874015747" endx="124.01574803149" endy="-62.007874015747" width="3.9370078740157" />
    <line layer="TOP_ASSEMBLY" originx="124.01574803149" originy="-62.007874015747" endx="-124.01574803149" endy="-62.007874015747" width="3.9370078740157" />
    <line layer="TOP_ASSEMBLY" originx="-124.01574803149" originy="-62.007874015747" endx="-124.01574803149" endy="62.007874015747" width="3.9370078740157" />
    <line layer="TOP_SILKSCREEN" originx="0" originy="58.070866141732" endx="0" endy="-58.070866141732" width="7.8740157480314" />
  </footprint>
  <symbol name="RCV2512100KFKEGAT" originx="0" originy="0">
    <line originx="200" originy="50" endx="500" endy="50" width="0" />
    <line originx="500" originy="-50" endx="500" endy="50" width="0" />
    <line originx="500" originy="-50" endx="200" endy="-50" width="0" />
    <line originx="200" originy="50" endx="200" endy="-50" width="0" />
    <sympin number="1" originx="200" originy="0" rotation="180" length="100" width="7.8740157480315" flipped="False">
      <text name="pinname" originx="0" originy="-10" style="Default" rotation="0" justify="upperleft" flipped="False" hidden="True" data="1" />
      <text name="pindes" originx="0" originy="10" style="Default" rotation="0" justify="lowerleft" flipped="False" hidden="False" data="1" />
    </sympin>
    <sympin number="2" originx="500" originy="0" rotation="0" length="100" width="7.8740157480315" flipped="False">
      <text name="pinname" originx="700" originy="-10" style="Default" rotation="0" justify="upperright" flipped="False" hidden="True" data="2" />
      <text name="pindes" originx="700" originy="10" style="Default" rotation="0" justify="lowerright" flipped="False" hidden="False" data="2" />
    </sympin>
  </symbol>
  <component name="RCV2512100KFKEGAT" designatorprefix="R" height="27.55905511811" footprint="RESC6332X70N">
    <comppin designator="1" sympin="1" pinswap="0" gateswap="0" gate="1" group="1" side="" type="Any" name="1" />
    <comppin designator="2" sympin="2" pinswap="0" gateswap="0" gate="1" group="1" side="" type="Any" name="2" />
    <attached_symbol gate="1" name="RCV2512100KFKEGAT" />
    <pinmap designator="1" footprintpin="1" />
    <pinmap designator="2" footprintpin="2" />
    <text name="Datasheet" originx="0" originy="0" style="Default" rotation="0" justify="" flipped="False" hidden="True" data="https://www.vishay.com/docs/20082/rcvat-e3.pdf" />
    <text name="Description" originx="0" originy="0" style="Default" rotation="0" justify="" flipped="False" hidden="True" data="100 kOhms +/-1% 1W Chip Resistor 2512 (6432 Metric) Automotive AEC-Q200, High Voltage Thick Film" />
    <text name="Mouser Part Number" originx="0" originy="0" style="Default" rotation="0" justify="" flipped="False" hidden="True" data="71-RCV2512100KFKEGAT" />
    <text name="Mouser Price/Stock" originx="0" originy="0" style="Default" rotation="0" justify="" flipped="False" hidden="True" data="https://www.mouser.co.uk/ProductDetail/Vishay-Draloric/RCV2512100KFKEGAT?qs=DRkmTr78QATSFL7tjoIc2A%3D%3D" />
    <text name="Manufacturer_Name" originx="0" originy="0" style="Default" rotation="0" justify="" flipped="False" hidden="True" data="Vishay" />
    <text name="Manufacturer_Part_Number" originx="550" originy="150" style="Default" rotation="0" justify="left" flipped="False" hidden="False" data="RCV2512100KFKEGAT" />
  </component>
</quadcept_library>
