<?xml version="1.0" encoding="utf-8"?>
<!--/732610/1127645/2.50/5/4/Connector/-->
<quadcept_library>
  <setting unit="mil" />
  <textstyle name="Default" height="47.244094488189" strokewidth="7.8740157480315" charwidth="47.244094488189" />
  <textstyle name="Dimension" height="19.6850393700787" strokewidth="0" charwidth="19.6850393700787" />
  <textstyle name="H127W0635TH00762" height="50" strokewidth="3" charwidth="25" />
  <textstyle name="H15W15TH02" height="59.0551181102362" strokewidth="7.8740157480315" charwidth="59.0551181102362" />
  <padstyle name="c150_h100" surface="False" plated="True" isvia="False" nopaste="True" nomask="True" complex="False" holesize="39.370078740157">
    <padshape layer="TOP" shape="round" width="59.055118110235" height="59.055118110235" />
    <padshape layer="TOP_SOLDER_MASK" shape="round" width="66.929133858267" height="66.929133858267" />
    <padshape layer="INNER" shape="round" width="59.055118110235" height="59.055118110235" />
    <padshape layer="BOTTOM" shape="round" width="59.055118110235" height="59.055118110235" />
    <padshape layer="BOTTOM_SOLDER_MASK" shape="round" width="66.929133858267" height="66.929133858267" />
  </padstyle>
  <padstyle name="c415.5_h277" surface="False" plated="True" isvia="False" nopaste="True" nomask="True" complex="False" holesize="109.05511811023">
    <padshape layer="TOP" shape="round" width="163.58267716535" height="163.58267716535" />
    <padshape layer="TOP_SOLDER_MASK" shape="round" width="171.45669291338" height="171.45669291338" />
    <padshape layer="INNER" shape="round" width="163.58267716535" height="163.58267716535" />
    <padshape layer="BOTTOM" shape="round" width="163.58267716535" height="163.58267716535" />
    <padshape layer="BOTTOM_SOLDER_MASK" shape="round" width="171.45669291338" height="171.45669291338" />
  </padstyle>
  <footprint name="RK09D113AF25A15" originx="0" originy="0" pickpointx="0" pickpointy="0">
    <pcbpin number="1" name="1" style="c150_h100" originx="0" originy="0" rotation="90" />
    <pcbpin number="2" name="2" style="c150_h100" originx="98.425196850392" originy="0" rotation="90" />
    <pcbpin number="3" name="3" style="c150_h100" originx="196.85039370078" originy="0" rotation="90" />
    <pcbpin number="4" name="MH1" style="c415.5_h277" originx="-74.803149606298" originy="275.5905511811" rotation="90" />
    <pcbpin number="5" name="MH2" style="c415.5_h277" originx="271.65354330708" originy="275.5905511811" rotation="90" />
    <line layer="TOP_ASSEMBLY" originx="-94.488188976377" originy="492.12598425196" endx="291.33858267716" endy="492.12598425196" width="7.8740157480314" />
    <line layer="TOP_ASSEMBLY" originx="291.33858267716" originy="492.12598425196" endx="291.33858267716" endy="19.685039370078" width="7.8740157480314" />
    <line layer="TOP_ASSEMBLY" originx="291.33858267716" originy="19.685039370078" endx="-94.488188976377" endy="19.685039370078" width="7.8740157480314" />
    <line layer="TOP_ASSEMBLY" originx="-94.488188976377" originy="19.685039370078" endx="-94.488188976377" endy="492.12598425196" width="7.8740157480314" />
    <line layer="TOP_PLACE_BOUND" originx="-195.9842519685" originy="531.49606299212" endx="392.83464566929" endy="531.49606299212" width="3.9370078740157" />
    <line layer="TOP_PLACE_BOUND" originx="392.83464566929" originy="531.49606299212" endx="392.83464566929" endy="-125.9842519685" width="3.9370078740157" />
    <line layer="TOP_PLACE_BOUND" originx="392.83464566929" originy="-125.9842519685" endx="-195.9842519685" endy="-125.9842519685" width="3.9370078740157" />
    <line layer="TOP_PLACE_BOUND" originx="-195.9842519685" originy="-125.9842519685" endx="-195.9842519685" endy="531.49606299212" width="3.9370078740157" />
    <line layer="TOP_SILKSCREEN" originx="-94.488188976377" originy="393.70078740157" endx="-94.488188976377" endy="492.12598425196" width="3.9370078740157" />
    <line layer="TOP_SILKSCREEN" originx="-94.488188976377" originy="492.12598425196" endx="291.33858267716" endy="492.12598425196" width="3.9370078740157" />
    <line layer="TOP_SILKSCREEN" originx="291.33858267716" originy="492.12598425196" endx="291.33858267716" endy="393.70078740157" width="3.9370078740157" />
    <line layer="TOP_SILKSCREEN" originx="-94.488188976377" originy="157.48031496063" endx="-94.488188976377" endy="19.685039370078" width="3.9370078740157" />
    <line layer="TOP_SILKSCREEN" originx="291.33858267716" originy="157.48031496063" endx="291.33858267716" endy="19.685039370078" width="3.9370078740157" />
    <line layer="TOP_SILKSCREEN" originx="-3.9370078740157" originy="-78.740157480314" endx="-3.9370078740157" endy="-78.740157480314" width="7.8740157480314" />
    <arc layer="TOP_SILKSCREEN" originx="-3.9370078740157" originy="-82.67716535433" startangle="90.0" sweepangle="180.0" radius="3.9370078740157" width="7.8740157480314" />
    <line layer="TOP_SILKSCREEN" originx="-3.9370078740157" originy="-86.614173228345" endx="-3.9370078740157" endy="-86.614173228345" width="7.8740157480314" />
    <arc layer="TOP_SILKSCREEN" originx="-3.9370078740157" originy="-82.67716535433" startangle="-90.0" sweepangle="180.0" radius="3.9370078740157" width="7.8740157480314" />
  </footprint>
  <symbol name="RK09D113AF25A15" originx="0" originy="0">
    <line originx="200" originy="100" endx="900" endy="100" width="0" />
    <line originx="900" originy="-300" endx="900" endy="100" width="0" />
    <line originx="900" originy="-300" endx="200" endy="-300" width="0" />
    <line originx="200" originy="100" endx="200" endy="-300" width="0" />
    <sympin number="1" originx="200" originy="0" rotation="180" length="100" width="7.8740157480315" flipped="False">
      <text name="pinname" originx="230" originy="0" style="Default" rotation="0" justify="left" flipped="False" hidden="False" data="CCW" />
      <text name="pindes" originx="140" originy="20" style="Default" rotation="0" justify="lowerright" flipped="False" hidden="False" data="1" />
    </sympin>
    <sympin number="2" originx="200" originy="-100" rotation="180" length="100" width="7.8740157480315" flipped="False">
      <text name="pinname" originx="230" originy="-100" style="Default" rotation="0" justify="left" flipped="False" hidden="False" data="WIPER" />
      <text name="pindes" originx="140" originy="-80" style="Default" rotation="0" justify="lowerright" flipped="False" hidden="False" data="2" />
    </sympin>
    <sympin number="3" originx="200" originy="-200" rotation="180" length="100" width="7.8740157480315" flipped="False">
      <text name="pinname" originx="230" originy="-200" style="Default" rotation="0" justify="left" flipped="False" hidden="False" data="CW" />
      <text name="pindes" originx="140" originy="-180" style="Default" rotation="0" justify="lowerright" flipped="False" hidden="False" data="3" />
    </sympin>
    <sympin number="4" originx="900" originy="0" rotation="0" length="100" width="7.8740157480315" flipped="False">
      <text name="pinname" originx="870" originy="0" style="Default" rotation="0" justify="right" flipped="False" hidden="False" data="MH1" />
      <text name="pindes" originx="960" originy="20" style="Default" rotation="0" justify="lowerleft" flipped="False" hidden="False" data="MH1" />
    </sympin>
    <sympin number="5" originx="900" originy="-100" rotation="0" length="100" width="7.8740157480315" flipped="False">
      <text name="pinname" originx="870" originy="-100" style="Default" rotation="0" justify="right" flipped="False" hidden="False" data="MH2" />
      <text name="pindes" originx="960" originy="-80" style="Default" rotation="0" justify="lowerleft" flipped="False" hidden="False" data="MH2" />
    </sympin>
  </symbol>
  <component name="RK09D113AF25A15" designatorprefix="J" height="984.25196850392" footprint="RK09D113AF25A15">
    <comppin designator="1" sympin="1" pinswap="0" gateswap="0" gate="1" group="1" side="" type="Any" name="CCW" />
    <comppin designator="2" sympin="2" pinswap="0" gateswap="0" gate="1" group="1" side="" type="Any" name="WIPER" />
    <comppin designator="3" sympin="3" pinswap="0" gateswap="0" gate="1" group="1" side="" type="Any" name="CW" />
    <comppin designator="MH1" sympin="4" pinswap="0" gateswap="0" gate="1" group="1" side="" type="Any" name="MH1" />
    <comppin designator="MH2" sympin="5" pinswap="0" gateswap="0" gate="1" group="1" side="" type="Any" name="MH2" />
    <attached_symbol gate="1" name="RK09D113AF25A15" />
    <pinmap designator="1" footprintpin="1" />
    <pinmap designator="2" footprintpin="2" />
    <pinmap designator="3" footprintpin="3" />
    <pinmap designator="MH1" footprintpin="4" />
    <pinmap designator="MH2" footprintpin="5" />
    <text name="Datasheet" originx="0" originy="0" style="Default" rotation="0" justify="" flipped="False" hidden="True" data="https://componentsearchengine.com/Datasheets/1/RK09D113AF25A15.pdf" />
    <text name="Description" originx="0" originy="0" style="Default" rotation="0" justify="" flipped="False" hidden="True" data="Potentiometers" />
    <text name="Mouser Part Number" originx="0" originy="0" style="Default" rotation="0" justify="" flipped="False" hidden="True" data="688-RK09D113AF25A15" />
    <text name="Mouser Price/Stock" originx="0" originy="0" style="Default" rotation="0" justify="" flipped="False" hidden="True" data="https://www.mouser.co.uk/ProductDetail/Alps-Alpine/RK09D113AF25A15?qs=seHrhfPpLDzbvEpWY0Yoaw%3D%3D" />
    <text name="Manufacturer_Name" originx="0" originy="0" style="Default" rotation="0" justify="" flipped="False" hidden="True" data="ALPS Electric" />
    <text name="Manufacturer_Part_Number" originx="950" originy="200" style="Default" rotation="0" justify="left" flipped="False" hidden="False" data="RK09D113AF25A15" />
  </component>
</quadcept_library>
