<?xml version="1.0" encoding="utf-8"?>
<!--/17194515/1127645/2.50/7/4/Variable Resistor/-->
<quadcept_library>
  <setting unit="mil" />
  <textstyle name="Default" height="47.244094488189" strokewidth="7.8740157480315" charwidth="47.244094488189" />
  <textstyle name="Dimension" height="19.6850393700787" strokewidth="0" charwidth="19.6850393700787" />
  <textstyle name="H127W0635TH00762" height="50" strokewidth="3" charwidth="25" />
  <textstyle name="H15W15TH02" height="59.0551181102362" strokewidth="7.8740157480315" charwidth="59.0551181102362" />
  <padstyle name="c178.5_h119" surface="False" plated="True" isvia="False" nopaste="True" nomask="True" complex="False" holesize="46.850393700787">
    <padshape layer="TOP" shape="round" width="70.27559055118" height="70.27559055118" />
    <padshape layer="TOP_SOLDER_MASK" shape="round" width="78.149606299212" height="78.149606299212" />
    <padshape layer="INNER" shape="round" width="70.27559055118" height="70.27559055118" />
    <padshape layer="BOTTOM" shape="round" width="70.27559055118" height="70.27559055118" />
    <padshape layer="BOTTOM_SOLDER_MASK" shape="round" width="78.149606299212" height="78.149606299212" />
  </padstyle>
  <padstyle name="s178.5_h119" surface="False" plated="True" isvia="False" nopaste="True" nomask="True" complex="False" holesize="46.850393700787">
    <padshape layer="TOP" shape="square" width="70.27559055118" height="70.27559055118" />
    <padshape layer="TOP_SOLDER_MASK" shape="square" width="78.149606299212" height="78.149606299212" />
    <padshape layer="INNER" shape="square" width="70.27559055118" height="70.27559055118" />
    <padshape layer="BOTTOM" shape="square" width="70.27559055118" height="70.27559055118" />
    <padshape layer="BOTTOM_SOLDER_MASK" shape="square" width="78.149606299212" height="78.149606299212" />
  </padstyle>
  <footprint name="PCW1DC24KAB104L" originx="0" originy="0" pickpointx="0" pickpointy="0">
    <pcbpin number="1" name="1" style="s178.5_h119" originx="0" originy="0" rotation="90" />
    <pcbpin number="2" name="2" style="c178.5_h119" originx="99.999999999999" originy="0" rotation="90" />
    <pcbpin number="3" name="3" style="c178.5_h119" originx="200" originy="0" rotation="90" />
    <pcbpin number="4" name="MH1" style="c178.5_h119" originx="-350" originy="144.48818897638" rotation="90" />
    <pcbpin number="5" name="MH2" style="c178.5_h119" originx="549.99999999999" originy="144.48818897638" rotation="90" />
    <pcbpin number="6" name="MH3" style="c178.5_h119" originx="-350" originy="742.91338582676" rotation="90" />
    <pcbpin number="7" name="MH4" style="c178.5_h119" originx="549.99999999999" originy="742.91338582676" rotation="90" />
    <line layer="TOP_ASSEMBLY" originx="-360.03937007874" originy="779.72440944881" endx="560.03937007873" endy="779.72440944881" width="3.9370078740157" />
    <line layer="TOP_ASSEMBLY" originx="560.03937007873" originy="779.72440944881" endx="560.03937007873" endy="107.67716535433" width="3.9370078740157" />
    <line layer="TOP_ASSEMBLY" originx="560.03937007873" originy="107.67716535433" endx="-360.03937007874" endy="107.67716535433" width="3.9370078740157" />
    <line layer="TOP_ASSEMBLY" originx="-360.03937007874" originy="107.67716535433" endx="-360.03937007874" endy="779.72440944881" width="3.9370078740157" />
    <line layer="TOP_PLACE_BOUND" originx="-424.48818897637" originy="920.59055118109" endx="624.52755905511" endy="920.59055118109" width="3.9370078740157" />
    <line layer="TOP_PLACE_BOUND" originx="624.52755905511" originy="920.59055118109" endx="624.52755905511" endy="-74.527559055117" width="3.9370078740157" />
    <line layer="TOP_PLACE_BOUND" originx="624.52755905511" originy="-74.527559055117" endx="-424.48818897637" endy="-74.527559055117" width="3.9370078740157" />
    <line layer="TOP_PLACE_BOUND" originx="-424.48818897637" originy="-74.527559055117" endx="-424.48818897637" endy="920.59055118109" width="3.9370078740157" />
    <line layer="TOP_ASSEMBLY" originx="-337.00787401574" originy="779.72440944881" endx="-337.00787401574" endy="858.46456692912" width="3.9370078740157" />
    <line layer="TOP_ASSEMBLY" originx="-337.00787401574" originy="858.46456692912" endx="-337.00787401574" endy="858.46456692912" width="3.9370078740157" />
    <arc layer="TOP_ASSEMBLY" originx="-314.25196850393" originy="858.46456692912" startangle="180.0" sweepangle="-102.2" radius="22.755905511811" width="3.9370078740157" />
    <line layer="TOP_ASSEMBLY" originx="-309.44881889763" originy="880.70866141731" endx="509.44881889763" endy="880.70866141731" width="3.9370078740157" />
    <line layer="TOP_ASSEMBLY" originx="509.44881889763" originy="880.70866141731" endx="509.44881889763" endy="880.70866141731" width="3.9370078740157" />
    <arc layer="TOP_ASSEMBLY" originx="509.44881889763" originy="852.51968503936" startangle="90.0" sweepangle="-77.8" radius="28.188976377952" width="3.9370078740157" />
    <line layer="TOP_ASSEMBLY" originx="537.00787401574" originy="858.46456692912" endx="537.00787401574" endy="779.72440944881" width="3.9370078740157" />
    <line layer="TOP_ASSEMBLY" originx="-337.00787401574" originy="107.67716535433" endx="-337.00787401574" endy="28.937007874015" width="3.9370078740157" />
    <line layer="TOP_ASSEMBLY" originx="-337.00787401574" originy="28.937007874015" endx="-337.00787401574" endy="28.937007874015" width="3.9370078740157" />
    <arc layer="TOP_ASSEMBLY" originx="-314.25196850393" originy="28.937007874015" startangle="180.0" sweepangle="102.2" radius="22.755905511811" width="3.9370078740157" />
    <line layer="TOP_ASSEMBLY" originx="-309.44881889763" originy="6.6929133858267" endx="509.44881889763" endy="6.6929133858267" width="3.9370078740157" />
    <line layer="TOP_ASSEMBLY" originx="509.44881889763" originy="6.6929133858267" endx="509.44881889763" endy="6.6929133858267" width="3.9370078740157" />
    <arc layer="TOP_ASSEMBLY" originx="509.44881889763" originy="34.881889763779" startangle="-90.0" sweepangle="77.8" radius="28.188976377952" width="3.9370078740157" />
    <line layer="TOP_ASSEMBLY" originx="537.00787401574" originy="28.937007874015" endx="537.00787401574" endy="107.67716535433" width="3.9370078740157" />
    <line layer="TOP_SILKSCREEN" originx="-337.00787401574" originy="91.929133858267" endx="-337.00787401574" endy="28.937007874015" width="7.8740157480314" />
    <line layer="TOP_SILKSCREEN" originx="-337.00787401574" originy="28.937007874015" endx="-337.00787401574" endy="28.937007874015" width="7.8740157480314" />
    <arc layer="TOP_SILKSCREEN" originx="-314.25196850393" originy="28.937007874015" startangle="180.0" sweepangle="102.2" radius="22.755905511811" width="7.8740157480314" />
    <line layer="TOP_SILKSCREEN" originx="-309.44881889763" originy="6.6929133858267" endx="-57.480314960629" endy="6.6929133858267" width="7.8740157480314" />
    <line layer="TOP_SILKSCREEN" originx="257.48031496063" originy="6.6929133858267" endx="509.44881889763" endy="6.6929133858267" width="7.8740157480314" />
    <line layer="TOP_SILKSCREEN" originx="509.44881889763" originy="6.6929133858267" endx="509.44881889763" endy="6.6929133858267" width="7.8740157480314" />
    <arc layer="TOP_SILKSCREEN" originx="509.44881889763" originy="34.881889763779" startangle="-90.0" sweepangle="77.8" radius="28.188976377952" width="7.8740157480314" />
    <line layer="TOP_SILKSCREEN" originx="537.00787401574" originy="28.937007874015" endx="537.00787401574" endy="91.929133858267" width="7.8740157480314" />
    <line layer="TOP_SILKSCREEN" originx="-309.44881889763" originy="107.67716535433" endx="509.44881889763" endy="107.67716535433" width="7.8740157480314" />
    <line layer="TOP_SILKSCREEN" originx="-360.03937007874" originy="202.16535433071" endx="-360.03937007874" endy="690.35433070865" width="7.8740157480314" />
    <line layer="TOP_SILKSCREEN" originx="-309.44881889763" originy="779.72440944881" endx="509.44881889763" endy="779.72440944881" width="7.8740157480314" />
    <line layer="TOP_SILKSCREEN" originx="560.03937007873" originy="202.16535433071" endx="560.03937007873" endy="690.35433070865" width="7.8740157480314" />
    <line layer="TOP_SILKSCREEN" originx="-337.00787401574" originy="795.47244094487" endx="-337.00787401574" endy="858.46456692912" width="7.8740157480314" />
    <line layer="TOP_SILKSCREEN" originx="-337.00787401574" originy="858.46456692912" endx="-337.00787401574" endy="858.46456692912" width="7.8740157480314" />
    <arc layer="TOP_SILKSCREEN" originx="-314.25196850393" originy="858.46456692912" startangle="180.0" sweepangle="-102.2" radius="22.755905511811" width="7.8740157480314" />
    <line layer="TOP_SILKSCREEN" originx="-309.44881889763" originy="880.70866141731" endx="509.44881889763" endy="880.70866141731" width="7.8740157480314" />
    <line layer="TOP_SILKSCREEN" originx="509.44881889763" originy="880.70866141731" endx="509.44881889763" endy="880.70866141731" width="7.8740157480314" />
    <arc layer="TOP_SILKSCREEN" originx="509.44881889763" originy="852.51968503936" startangle="90.0" sweepangle="-77.8" radius="28.188976377952" width="7.8740157480314" />
    <line layer="TOP_SILKSCREEN" originx="537.00787401574" originy="858.46456692912" endx="537.00787401574" endy="795.47244094487" width="7.8740157480314" />
    <line layer="TOP_SILKSCREEN" originx="0" originy="-55.11811023622" endx="0" endy="-55.11811023622" width="3.9370078740157" />
    <arc layer="TOP_SILKSCREEN" originx="-2.7318479936642E-15" originy="-53.149606299212" startangle="-90.0" sweepangle="180.0" radius="1.9685039370078" width="3.9370078740157" />
    <line layer="TOP_SILKSCREEN" originx="0" originy="-51.181102362204" endx="0" endy="-51.181102362204" width="3.9370078740157" />
    <arc layer="TOP_SILKSCREEN" originx="-2.7318479936642E-15" originy="-53.149606299212" startangle="90.0" sweepangle="180.0" radius="1.9685039370078" width="3.9370078740157" />
  </footprint>
  <symbol name="PCW1D-C24-KAB104L" originx="0" originy="0">
    <line originx="200" originy="100" endx="900" endy="100" width="0" />
    <line originx="900" originy="-400" endx="900" endy="100" width="0" />
    <line originx="900" originy="-400" endx="200" endy="-400" width="0" />
    <line originx="200" originy="100" endx="200" endy="-400" width="0" />
    <sympin number="1" originx="200" originy="0" rotation="180" length="100" width="7.8740157480315" flipped="False">
      <text name="pinname" originx="230" originy="0" style="Default" rotation="0" justify="left" flipped="False" hidden="False" data="CCW" />
      <text name="pindes" originx="140" originy="20" style="Default" rotation="0" justify="lowerright" flipped="False" hidden="False" data="1" />
    </sympin>
    <sympin number="2" originx="200" originy="-100" rotation="180" length="100" width="7.8740157480315" flipped="False">
      <text name="pinname" originx="230" originy="-100" style="Default" rotation="0" justify="left" flipped="False" hidden="False" data="WIPER" />
      <text name="pindes" originx="140" originy="-80" style="Default" rotation="0" justify="lowerright" flipped="False" hidden="False" data="2" />
    </sympin>
    <sympin number="3" originx="200" originy="-200" rotation="180" length="100" width="7.8740157480315" flipped="False">
      <text name="pinname" originx="230" originy="-200" style="Default" rotation="0" justify="left" flipped="False" hidden="False" data="CW" />
      <text name="pindes" originx="140" originy="-180" style="Default" rotation="0" justify="lowerright" flipped="False" hidden="False" data="3" />
    </sympin>
    <sympin number="4" originx="200" originy="-300" rotation="180" length="100" width="7.8740157480315" flipped="False">
      <text name="pinname" originx="230" originy="-300" style="Default" rotation="0" justify="left" flipped="False" hidden="False" data="MH1" />
      <text name="pindes" originx="140" originy="-280" style="Default" rotation="0" justify="lowerright" flipped="False" hidden="False" data="MH1" />
    </sympin>
    <sympin number="5" originx="900" originy="0" rotation="0" length="100" width="7.8740157480315" flipped="False">
      <text name="pinname" originx="870" originy="0" style="Default" rotation="0" justify="right" flipped="False" hidden="False" data="MH2" />
      <text name="pindes" originx="960" originy="20" style="Default" rotation="0" justify="lowerleft" flipped="False" hidden="False" data="MH2" />
    </sympin>
    <sympin number="6" originx="900" originy="-100" rotation="0" length="100" width="7.8740157480315" flipped="False">
      <text name="pinname" originx="870" originy="-100" style="Default" rotation="0" justify="right" flipped="False" hidden="False" data="MH3" />
      <text name="pindes" originx="960" originy="-80" style="Default" rotation="0" justify="lowerleft" flipped="False" hidden="False" data="MH3" />
    </sympin>
    <sympin number="7" originx="900" originy="-200" rotation="0" length="100" width="7.8740157480315" flipped="False">
      <text name="pinname" originx="870" originy="-200" style="Default" rotation="0" justify="right" flipped="False" hidden="False" data="MH4" />
      <text name="pindes" originx="960" originy="-180" style="Default" rotation="0" justify="lowerleft" flipped="False" hidden="False" data="MH4" />
    </sympin>
  </symbol>
  <component name="PCW1D-C24-KAB104L" designatorprefix="VR" height="1075.1968503937" footprint="PCW1DC24KAB104L">
    <comppin designator="1" sympin="1" pinswap="0" gateswap="0" gate="1" group="1" side="" type="Any" name="CCW" />
    <comppin designator="2" sympin="2" pinswap="0" gateswap="0" gate="1" group="1" side="" type="Any" name="WIPER" />
    <comppin designator="3" sympin="3" pinswap="0" gateswap="0" gate="1" group="1" side="" type="Any" name="CW" />
    <comppin designator="MH1" sympin="4" pinswap="0" gateswap="0" gate="1" group="1" side="" type="Any" name="MH1" />
    <comppin designator="MH2" sympin="5" pinswap="0" gateswap="0" gate="1" group="1" side="" type="Any" name="MH2" />
    <comppin designator="MH3" sympin="6" pinswap="0" gateswap="0" gate="1" group="1" side="" type="Any" name="MH3" />
    <comppin designator="MH4" sympin="7" pinswap="0" gateswap="0" gate="1" group="1" side="" type="Any" name="MH4" />
    <attached_symbol gate="1" name="PCW1D-C24-KAB104L" />
    <pinmap designator="1" footprintpin="1" />
    <pinmap designator="2" footprintpin="2" />
    <pinmap designator="3" footprintpin="3" />
    <pinmap designator="MH1" footprintpin="4" />
    <pinmap designator="MH2" footprintpin="5" />
    <pinmap designator="MH3" footprintpin="6" />
    <pinmap designator="MH4" footprintpin="7" />
    <text name="Datasheet" originx="0" originy="0" style="Default" rotation="0" justify="" flipped="False" hidden="True" data="https://www.bourns.com/docs/Product-Datasheets/slimline.pdf" />
    <text name="Description" originx="0" originy="0" style="Default" rotation="0" justify="" flipped="False" hidden="True" data="Potentiometers 100K 20% Sq 22mm Single Turn" />
    <text name="Mouser Part Number" originx="0" originy="0" style="Default" rotation="0" justify="" flipped="False" hidden="True" data="" />
    <text name="Mouser Price/Stock" originx="0" originy="0" style="Default" rotation="0" justify="" flipped="False" hidden="True" data="" />
    <text name="Manufacturer_Name" originx="0" originy="0" style="Default" rotation="0" justify="" flipped="False" hidden="True" data="Bourns" />
    <text name="Manufacturer_Part_Number" originx="950" originy="200" style="Default" rotation="0" justify="left" flipped="False" hidden="False" data="PCW1D-C24-KAB104L" />
  </component>
</quadcept_library>
