<?xml version="1.0" encoding="utf-8"?>
<!--/2363191/1127645/2.50/2/4/Resistor/-->
<quadcept_library>
  <setting unit="mil" />
  <textstyle name="Default" height="47.244094488189" strokewidth="7.8740157480315" charwidth="47.244094488189" />
  <textstyle name="Dimension" height="19.6850393700787" strokewidth="0" charwidth="19.6850393700787" />
  <textstyle name="H127W0635TH00762" height="50" strokewidth="3" charwidth="25" />
  <textstyle name="H15W15TH02" height="59.0551181102362" strokewidth="7.8740157480315" charwidth="59.0551181102362" />
  <padstyle name="r800_470" surface="True" plated="False" isvia="False" nopaste="False" nomask="True" complex="False" holesize="0">
    <padshape layer="TOP" shape="rectangle" width="185.03937007874" height="314.96062992126" />
    <padshape layer="TOP_SOLDER_MASK" shape="rectangle" width="192.91338582677" height="322.83464566929" />
    <padshape layer="TOP_SOLDER_PASTE" shape="rectangle" width="185.03937007874" height="314.96062992126" />
  </padstyle>
  <footprint name="RESC15077X100N" originx="0" originy="0" pickpointx="0" pickpointy="0">
    <pcbpin number="1" name="1" style="r800_470" originx="-222.44094488189" originy="0" rotation="0" />
    <pcbpin number="2" name="2" style="r800_470" originx="222.44094488189" originy="0" rotation="0" />
    <line layer="TOP_PLACE_BOUND" originx="-324.8031496063" originy="167.32283464567" endx="324.8031496063" endy="167.32283464567" width="1.9685039370079" />
    <line layer="TOP_PLACE_BOUND" originx="324.8031496063" originy="167.32283464567" endx="324.8031496063" endy="-167.32283464567" width="1.9685039370079" />
    <line layer="TOP_PLACE_BOUND" originx="324.8031496063" originy="-167.32283464567" endx="-324.8031496063" endy="-167.32283464567" width="1.9685039370079" />
    <line layer="TOP_PLACE_BOUND" originx="-324.8031496063" originy="-167.32283464567" endx="-324.8031496063" endy="167.32283464567" width="1.9685039370079" />
    <line layer="TOP_ASSEMBLY" originx="-295.27559055118" originy="152.51968503937" endx="295.27559055118" endy="152.51968503937" width="3.9370078740157" />
    <line layer="TOP_ASSEMBLY" originx="295.27559055118" originy="152.51968503937" endx="295.27559055118" endy="-152.51968503937" width="3.9370078740157" />
    <line layer="TOP_ASSEMBLY" originx="295.27559055118" originy="-152.51968503937" endx="-295.27559055118" endy="-152.51968503937" width="3.9370078740157" />
    <line layer="TOP_ASSEMBLY" originx="-295.27559055118" originy="-152.51968503937" endx="-295.27559055118" endy="152.51968503937" width="3.9370078740157" />
    <line layer="TOP_SILKSCREEN" originx="0" originy="148.58267716535" endx="0" endy="-148.58267716535" width="7.8740157480314" />
  </footprint>
  <symbol name="WSLP5931L1000FEA" originx="0" originy="0">
    <line originx="200" originy="50" endx="500" endy="50" width="0" />
    <line originx="500" originy="-50" endx="500" endy="50" width="0" />
    <line originx="500" originy="-50" endx="200" endy="-50" width="0" />
    <line originx="200" originy="50" endx="200" endy="-50" width="0" />
    <sympin number="1" originx="200" originy="0" rotation="180" length="100" width="7.8740157480315" flipped="False">
      <text name="pinname" originx="0" originy="-10" style="Default" rotation="0" justify="upperleft" flipped="False" hidden="True" data="1" />
      <text name="pindes" originx="0" originy="10" style="Default" rotation="0" justify="lowerleft" flipped="False" hidden="False" data="1" />
    </sympin>
    <sympin number="2" originx="500" originy="0" rotation="0" length="100" width="7.8740157480315" flipped="False">
      <text name="pinname" originx="700" originy="-10" style="Default" rotation="0" justify="upperright" flipped="False" hidden="True" data="2" />
      <text name="pindes" originx="700" originy="10" style="Default" rotation="0" justify="lowerright" flipped="False" hidden="False" data="2" />
    </sympin>
  </symbol>
  <component name="WSLP5931L1000FEA" designatorprefix="R" height="39.370078740157" footprint="RESC15077X100N">
    <comppin designator="1" sympin="1" pinswap="0" gateswap="0" gate="1" group="1" side="" type="Any" name="1" />
    <comppin designator="2" sympin="2" pinswap="0" gateswap="0" gate="1" group="1" side="" type="Any" name="2" />
    <attached_symbol gate="1" name="WSLP5931L1000FEA" />
    <pinmap designator="1" footprintpin="1" />
    <pinmap designator="2" footprintpin="2" />
    <text name="Datasheet" originx="0" originy="0" style="Default" rotation="0" justify="" flipped="False" hidden="True" data="https://datasheet.datasheetarchive.com/originals/distributors/Datasheets_SAMA/cd369b67f640568f5c60fc944b86acf3.pdf" />
    <text name="Description" originx="0" originy="0" style="Default" rotation="0" justify="" flipped="False" hidden="True" data="Current Sense Resistors - SMD 0.0001 ohm 1%" />
    <text name="Mouser Part Number" originx="0" originy="0" style="Default" rotation="0" justify="" flipped="False" hidden="True" data="71-WSLP5931L1000FEA" />
    <text name="Mouser Price/Stock" originx="0" originy="0" style="Default" rotation="0" justify="" flipped="False" hidden="True" data="https://www.mouser.co.uk/ProductDetail/Vishay-Dale/WSLP5931L1000FEA?qs=AQlKX63v8Rs%252BJpQIynINvA%3D%3D" />
    <text name="Manufacturer_Name" originx="0" originy="0" style="Default" rotation="0" justify="" flipped="False" hidden="True" data="Vishay" />
    <text name="Manufacturer_Part_Number" originx="550" originy="150" style="Default" rotation="0" justify="left" flipped="False" hidden="False" data="WSLP5931L1000FEA" />
  </component>
</quadcept_library>
