<?xml version="1.0" encoding="utf-8"?>
<!--/15053696/1127645/2.50/2/2/Capacitor/-->
<quadcept_library>
  <setting unit="mil" />
  <textstyle name="Default" height="47.244094488189" strokewidth="7.8740157480315" charwidth="47.244094488189" />
  <textstyle name="Dimension" height="19.6850393700787" strokewidth="0" charwidth="19.6850393700787" />
  <textstyle name="H127W0635TH00762" height="50" strokewidth="3" charwidth="25" />
  <textstyle name="H15W15TH02" height="59.0551181102362" strokewidth="7.8740157480315" charwidth="59.0551181102362" />
  <padstyle name="r541_133" surface="True" plated="False" isvia="False" nopaste="False" nomask="True" complex="False" holesize="0">
    <padshape layer="TOP" shape="rectangle" width="52.362204724409" height="212.99212598425" />
    <padshape layer="TOP_SOLDER_MASK" shape="rectangle" width="60.23622047244" height="220.86614173228" />
    <padshape layer="TOP_SOLDER_PASTE" shape="rectangle" width="52.362204724409" height="212.99212598425" />
  </padstyle>
  <footprint name="CAPC5750X550N" originx="0" originy="0" pickpointx="0" pickpointy="0">
    <pcbpin number="1" name="1" style="r541_133" originx="-101.96850393701" originy="0" rotation="0" />
    <pcbpin number="2" name="2" style="r541_133" originx="101.96850393701" originy="0" rotation="0" />
    <line layer="TOP_PLACE_BOUND" originx="-134.05511811023" originy="112.59842519685" endx="134.05511811023" endy="112.59842519685" width="1.9685039370079" />
    <line layer="TOP_PLACE_BOUND" originx="134.05511811023" originy="112.59842519685" endx="134.05511811023" endy="-112.59842519685" width="1.9685039370079" />
    <line layer="TOP_PLACE_BOUND" originx="134.05511811023" originy="-112.59842519685" endx="-134.05511811023" endy="-112.59842519685" width="1.9685039370079" />
    <line layer="TOP_PLACE_BOUND" originx="-134.05511811023" originy="-112.59842519685" endx="-134.05511811023" endy="112.59842519685" width="1.9685039370079" />
    <line layer="TOP_ASSEMBLY" originx="-112.20472440945" originy="98.425196850392" endx="112.20472440945" endy="98.425196850392" width="3.9370078740157" />
    <line layer="TOP_ASSEMBLY" originx="112.20472440945" originy="98.425196850392" endx="112.20472440945" endy="-98.425196850392" width="3.9370078740157" />
    <line layer="TOP_ASSEMBLY" originx="112.20472440945" originy="-98.425196850392" endx="-112.20472440945" endy="-98.425196850392" width="3.9370078740157" />
    <line layer="TOP_ASSEMBLY" originx="-112.20472440945" originy="-98.425196850392" endx="-112.20472440945" endy="98.425196850392" width="3.9370078740157" />
    <line layer="TOP_SILKSCREEN" originx="0" originy="94.488188976377" endx="0" endy="-94.488188976377" width="7.8740157480314" />
  </footprint>
  <symbol name="C2220C143KFGLCAUTO" originx="0" originy="0">
    <line originx="220" originy="100" endx="220" endy="-100" width="0" />
    <line originx="280" originy="100" endx="280" endy="-100" width="0" />
    <line originx="200" originy="0" endx="220" endy="0" width="0" />
    <line originx="280" originy="0" endx="300" endy="0" width="0" />
    <sympin number="1" originx="200" originy="0" rotation="180" length="100" width="7.8740157480315" flipped="False">
      <text name="pinname" originx="0" originy="-10" style="Default" rotation="0" justify="upperleft" flipped="False" hidden="True" data="1" />
      <text name="pindes" originx="0" originy="10" style="Default" rotation="0" justify="lowerleft" flipped="False" hidden="False" data="1" />
    </sympin>
    <sympin number="2" originx="300" originy="0" rotation="0" length="100" width="7.8740157480315" flipped="False">
      <text name="pinname" originx="500" originy="-10" style="Default" rotation="0" justify="upperright" flipped="False" hidden="True" data="2" />
      <text name="pindes" originx="500" originy="10" style="Default" rotation="0" justify="lowerright" flipped="False" hidden="False" data="2" />
    </sympin>
  </symbol>
  <component name="C2220C143KFGLCAUTO" designatorprefix="C" height="216.53543307086" footprint="CAPC5750X550N">
    <comppin designator="1" sympin="1" pinswap="0" gateswap="0" gate="1" group="1" side="" type="Any" name="1" />
    <comppin designator="2" sympin="2" pinswap="0" gateswap="0" gate="1" group="1" side="" type="Any" name="2" />
    <attached_symbol gate="1" name="C2220C143KFGLCAUTO" />
    <pinmap designator="1" footprintpin="1" />
    <pinmap designator="2" footprintpin="2" />
    <text name="Datasheet" originx="0" originy="0" style="Default" rotation="0" justify="" flipped="False" hidden="True" data="https://content.kemet.com/datasheets/KEM_C1113_KONNEKT_C0G.pdf" />
    <text name="Description" originx="0" originy="0" style="Default" rotation="0" justify="" flipped="False" hidden="True" data="KONNEKT Auto C0G, Ceramic, 0.014 uF, 10%, 1500 VDC, 1800 VDC, 125C, -55C, C0G, 0.1 % , 71.429 GOhms, 650 mg, 300, 78  Weeks, 120" />
    <text name="Mouser Part Number" originx="0" originy="0" style="Default" rotation="0" justify="" flipped="False" hidden="True" data="80-C2220C143KFGLAUTO" />
    <text name="Mouser Price/Stock" originx="0" originy="0" style="Default" rotation="0" justify="" flipped="False" hidden="True" data="https://www.mouser.co.uk/ProductDetail/KEMET/C2220C143KFGLCAUTO?qs=CiayqK2gdcIbCR5xEcwEIg%3D%3D" />
    <text name="Manufacturer_Name" originx="0" originy="0" style="Default" rotation="0" justify="" flipped="False" hidden="True" data="KEMET" />
    <text name="Manufacturer_Part_Number" originx="350" originy="150" style="Default" rotation="0" justify="left" flipped="False" hidden="False" data="C2220C143KFGLCAUTO" />
  </component>
</quadcept_library>
