<?xml version="1.0" encoding="utf-8"?>
<!--/12840630/1127645/2.50/13/4/Integrated Circuit/-->
<quadcept_library>
  <setting unit="mil" />
  <textstyle name="Default" height="47.244094488189" strokewidth="7.8740157480315" charwidth="47.244094488189" />
  <textstyle name="Dimension" height="19.6850393700787" strokewidth="0" charwidth="19.6850393700787" />
  <textstyle name="H127W0635TH00762" height="50" strokewidth="3" charwidth="25" />
  <textstyle name="H15W15TH02" height="59.0551181102362" strokewidth="7.8740157480315" charwidth="59.0551181102362" />
  <padstyle name="r75_22.5" surface="True" plated="False" isvia="False" nopaste="False" nomask="True" complex="False" holesize="0">
    <padshape layer="TOP" shape="rectangle" width="8.8582677165353" height="29.527559055118" />
    <padshape layer="TOP_SOLDER_MASK" shape="rectangle" width="16.732283464567" height="37.401574803149" />
    <padshape layer="TOP_SOLDER_PASTE" shape="rectangle" width="8.8582677165353" height="29.527559055118" />
  </padstyle>
  <padstyle name="r60_25" surface="True" plated="False" isvia="False" nopaste="False" nomask="True" complex="False" holesize="0">
    <padshape layer="TOP" shape="rectangle" width="9.8425196850392" height="23.622047244094" />
    <padshape layer="TOP_SOLDER_MASK" shape="rectangle" width="17.716535433071" height="31.496062992126" />
    <padshape layer="TOP_SOLDER_PASTE" shape="rectangle" width="9.8425196850392" height="23.622047244094" />
  </padstyle>
  <padstyle name="r130_35" surface="True" plated="False" isvia="False" nopaste="False" nomask="True" complex="False" holesize="0">
    <padshape layer="TOP" shape="rectangle" width="13.779527559055" height="51.181102362204" />
    <padshape layer="TOP_SOLDER_MASK" shape="rectangle" width="21.653543307086" height="59.055118110235" />
    <padshape layer="TOP_SOLDER_PASTE" shape="rectangle" width="13.779527559055" height="51.181102362204" />
  </padstyle>
  <padstyle name="r40_35" surface="True" plated="False" isvia="False" nopaste="False" nomask="True" complex="False" holesize="0">
    <padshape layer="TOP" shape="rectangle" width="13.779527559055" height="15.748031496063" />
    <padshape layer="TOP_SOLDER_MASK" shape="rectangle" width="21.653543307086" height="23.622047244094" />
    <padshape layer="TOP_SOLDER_PASTE" shape="rectangle" width="13.779527559055" height="15.748031496063" />
  </padstyle>
  <footprint name="LMR36506MSC5RPERQ1" originx="0" originy="0" pickpointx="0" pickpointy="0">
    <pcbpin number="1" name="1" style="r75_22.5" originx="-32.48031496063" originy="29.055118110236" rotation="90" />
    <pcbpin number="2" name="2" style="r60_25" originx="-35.433070866141" originy="9.8425196850392" rotation="90" />
    <pcbpin number="3" name="3" style="r60_25" originx="-35.433070866141" originy="-9.8425196850392" rotation="90" />
    <pcbpin number="4" name="4" style="r75_22.5" originx="-32.48031496063" originy="-29.055118110236" rotation="90" />
    <pcbpin number="5" name="5" style="r75_22.5" originx="32.48031496063" originy="-29.055118110236" rotation="90" />
    <pcbpin number="6" name="6" style="r60_25" originx="35.433070866141" originy="-9.8425196850392" rotation="90" />
    <pcbpin number="7" name="7" style="r60_25" originx="35.433070866141" originy="9.8425196850392" rotation="90" />
    <pcbpin number="8" name="8" style="r75_22.5" originx="32.48031496063" originy="29.055118110236" rotation="90" />
    <pcbpin number="9" name="9" style="r130_35" originx="0" originy="21.653543307086" rotation="0" />
    <pcbpin number="10" name="10" style="r40_35" originx="-25.590551181102" originy="40.393700787401" rotation="90" />
    <pcbpin number="11" name="11" style="r40_35" originx="-25.590551181102" originy="-40.393700787401" rotation="90" />
    <pcbpin number="12" name="12" style="r40_35" originx="25.590551181102" originy="-40.393700787401" rotation="90" />
    <pcbpin number="13" name="13" style="r40_35" originx="25.590551181102" originy="40.393700787401" rotation="90" />
    <line layer="TOP_ASSEMBLY" originx="-39.370078740157" originy="-39.370078740157" endx="39.370078740157" endy="-39.370078740157" width="7.8740157480314" />
    <line layer="TOP_ASSEMBLY" originx="39.370078740157" originy="-39.370078740157" endx="39.370078740157" endy="39.370078740157" width="7.8740157480314" />
    <line layer="TOP_ASSEMBLY" originx="39.370078740157" originy="39.370078740157" endx="-39.370078740157" endy="39.370078740157" width="7.8740157480314" />
    <line layer="TOP_ASSEMBLY" originx="-39.370078740157" originy="39.370078740157" endx="-39.370078740157" endy="-39.370078740157" width="7.8740157480314" />
    <line layer="TOP_PLACE_BOUND" originx="-110.23622047244" originy="86.653543307086" endx="86.614173228345" endy="86.653543307086" width="3.9370078740157" />
    <line layer="TOP_PLACE_BOUND" originx="86.614173228345" originy="86.653543307086" endx="86.614173228345" endy="-86.653543307086" width="3.9370078740157" />
    <line layer="TOP_PLACE_BOUND" originx="86.614173228345" originy="-86.653543307086" endx="-110.23622047244" endy="-86.653543307086" width="3.9370078740157" />
    <line layer="TOP_PLACE_BOUND" originx="-110.23622047244" originy="-86.653543307086" endx="-110.23622047244" endy="86.653543307086" width="3.9370078740157" />
    <line layer="TOP_SILKSCREEN" originx="-70.866141732283" originy="29.055118110236" endx="-70.866141732283" endy="29.055118110236" width="7.8740157480314" />
    <arc layer="TOP_SILKSCREEN" originx="-68.897637795275" originy="29.055118110236" startangle="180.0" sweepangle="180.0" radius="1.9685039370079" width="7.8740157480314" />
    <line layer="TOP_SILKSCREEN" originx="-66.929133858267" originy="29.055118110236" endx="-66.929133858267" endy="29.055118110236" width="7.8740157480314" />
    <arc layer="TOP_SILKSCREEN" originx="-68.897637795275" originy="29.055118110236" startangle=".0" sweepangle="180.0" radius="1.9685039370079" width="7.8740157480314" />
    <line layer="TOP_SILKSCREEN" originx="-70.866141732283" originy="29.055118110236" endx="-70.866141732283" endy="29.055118110236" width="7.8740157480314" />
    <arc layer="TOP_SILKSCREEN" originx="-68.897637795275" originy="29.055118110236" startangle="180.0" sweepangle="180.0" radius="1.9685039370079" width="7.8740157480314" />
  </footprint>
  <symbol name="LMR36506MSC3RPERQ1" originx="0" originy="0">
    <line originx="200" originy="100" endx="1600" endy="100" width="0" />
    <line originx="1600" originy="-700" endx="1600" endy="100" width="0" />
    <line originx="1600" originy="-700" endx="200" endy="-700" width="0" />
    <line originx="200" originy="100" endx="200" endy="-700" width="0" />
    <sympin number="1" originx="200" originy="0" rotation="180" length="100" width="7.8740157480315" flipped="False">
      <text name="pinname" originx="230" originy="0" style="Default" rotation="0" justify="left" flipped="False" hidden="False" data="MODE/SYNC_1" />
      <text name="pindes" originx="140" originy="20" style="Default" rotation="0" justify="lowerright" flipped="False" hidden="False" data="1" />
    </sympin>
    <sympin number="2" originx="200" originy="-100" rotation="180" length="100" width="7.8740157480315" flipped="False">
      <text name="pinname" originx="230" originy="-100" style="Default" rotation="0" justify="left" flipped="False" hidden="False" data="PGOOD" />
      <text name="pindes" originx="140" originy="-80" style="Default" rotation="0" justify="lowerright" flipped="False" hidden="False" data="2" />
    </sympin>
    <sympin number="3" originx="200" originy="-200" rotation="180" length="100" width="7.8740157480315" flipped="False">
      <text name="pinname" originx="230" originy="-200" style="Default" rotation="0" justify="left" flipped="False" hidden="False" data="EN/UVLO" />
      <text name="pindes" originx="140" originy="-180" style="Default" rotation="0" justify="lowerright" flipped="False" hidden="False" data="3" />
    </sympin>
    <sympin number="4" originx="200" originy="-300" rotation="180" length="100" width="7.8740157480315" flipped="False">
      <text name="pinname" originx="230" originy="-300" style="Default" rotation="0" justify="left" flipped="False" hidden="False" data="VIN_1" />
      <text name="pindes" originx="140" originy="-280" style="Default" rotation="0" justify="lowerright" flipped="False" hidden="False" data="4" />
    </sympin>
    <sympin number="5" originx="200" originy="-400" rotation="180" length="100" width="7.8740157480315" flipped="False">
      <text name="pinname" originx="230" originy="-400" style="Default" rotation="0" justify="left" flipped="False" hidden="False" data="SW_1" />
      <text name="pindes" originx="140" originy="-380" style="Default" rotation="0" justify="lowerright" flipped="False" hidden="False" data="5" />
    </sympin>
    <sympin number="6" originx="200" originy="-500" rotation="180" length="100" width="7.8740157480315" flipped="False">
      <text name="pinname" originx="230" originy="-500" style="Default" rotation="0" justify="left" flipped="False" hidden="False" data="BOOT" />
      <text name="pindes" originx="140" originy="-480" style="Default" rotation="0" justify="lowerright" flipped="False" hidden="False" data="6" />
    </sympin>
    <sympin number="7" originx="200" originy="-600" rotation="180" length="100" width="7.8740157480315" flipped="False">
      <text name="pinname" originx="230" originy="-600" style="Default" rotation="0" justify="left" flipped="False" hidden="False" data="VCC" />
      <text name="pindes" originx="140" originy="-580" style="Default" rotation="0" justify="lowerright" flipped="False" hidden="False" data="7" />
    </sympin>
    <sympin number="8" originx="1600" originy="0" rotation="0" length="100" width="7.8740157480315" flipped="False">
      <text name="pinname" originx="1570" originy="0" style="Default" rotation="0" justify="right" flipped="False" hidden="False" data="VOUT/BIAS_1" />
      <text name="pindes" originx="1660" originy="20" style="Default" rotation="0" justify="lowerleft" flipped="False" hidden="False" data="8" />
    </sympin>
    <sympin number="9" originx="1600" originy="-100" rotation="0" length="100" width="7.8740157480315" flipped="False">
      <text name="pinname" originx="1570" originy="-100" style="Default" rotation="0" justify="right" flipped="False" hidden="False" data="GND" />
      <text name="pindes" originx="1660" originy="-80" style="Default" rotation="0" justify="lowerleft" flipped="False" hidden="False" data="9" />
    </sympin>
    <sympin number="10" originx="1600" originy="-200" rotation="0" length="100" width="7.8740157480315" flipped="False">
      <text name="pinname" originx="1570" originy="-200" style="Default" rotation="0" justify="right" flipped="False" hidden="False" data="MODE/SYNC_2" />
      <text name="pindes" originx="1660" originy="-180" style="Default" rotation="0" justify="lowerleft" flipped="False" hidden="False" data="10" />
    </sympin>
    <sympin number="11" originx="1600" originy="-300" rotation="0" length="100" width="7.8740157480315" flipped="False">
      <text name="pinname" originx="1570" originy="-300" style="Default" rotation="0" justify="right" flipped="False" hidden="False" data="VIN_2" />
      <text name="pindes" originx="1660" originy="-280" style="Default" rotation="0" justify="lowerleft" flipped="False" hidden="False" data="11" />
    </sympin>
    <sympin number="12" originx="1600" originy="-400" rotation="0" length="100" width="7.8740157480315" flipped="False">
      <text name="pinname" originx="1570" originy="-400" style="Default" rotation="0" justify="right" flipped="False" hidden="False" data="SW_2" />
      <text name="pindes" originx="1660" originy="-380" style="Default" rotation="0" justify="lowerleft" flipped="False" hidden="False" data="12" />
    </sympin>
    <sympin number="13" originx="1600" originy="-500" rotation="0" length="100" width="7.8740157480315" flipped="False">
      <text name="pinname" originx="1570" originy="-500" style="Default" rotation="0" justify="right" flipped="False" hidden="False" data="VOUT/BIAS_2" />
      <text name="pindes" originx="1660" originy="-480" style="Default" rotation="0" justify="lowerleft" flipped="False" hidden="False" data="13" />
    </sympin>
  </symbol>
  <component name="LMR36506MSC3RPERQ1" designatorprefix="IC" height="39.370078740157" footprint="LMR36506MSC5RPERQ1">
    <comppin designator="1" sympin="1" pinswap="0" gateswap="0" gate="1" group="1" side="" type="Any" name="MODE/SYNC_1" />
    <comppin designator="2" sympin="2" pinswap="0" gateswap="0" gate="1" group="1" side="" type="Any" name="PGOOD" />
    <comppin designator="3" sympin="3" pinswap="0" gateswap="0" gate="1" group="1" side="" type="Any" name="EN/UVLO" />
    <comppin designator="4" sympin="4" pinswap="0" gateswap="0" gate="1" group="1" side="" type="Any" name="VIN_1" />
    <comppin designator="5" sympin="5" pinswap="0" gateswap="0" gate="1" group="1" side="" type="Any" name="SW_1" />
    <comppin designator="6" sympin="6" pinswap="0" gateswap="0" gate="1" group="1" side="" type="Any" name="BOOT" />
    <comppin designator="7" sympin="7" pinswap="0" gateswap="0" gate="1" group="1" side="" type="Any" name="VCC" />
    <comppin designator="8" sympin="8" pinswap="0" gateswap="0" gate="1" group="1" side="" type="Any" name="VOUT/BIAS_1" />
    <comppin designator="9" sympin="9" pinswap="0" gateswap="0" gate="1" group="1" side="" type="Any" name="GND" />
    <comppin designator="10" sympin="10" pinswap="0" gateswap="0" gate="1" group="1" side="" type="Any" name="MODE/SYNC_2" />
    <comppin designator="11" sympin="11" pinswap="0" gateswap="0" gate="1" group="1" side="" type="Any" name="VIN_2" />
    <comppin designator="12" sympin="12" pinswap="0" gateswap="0" gate="1" group="1" side="" type="Any" name="SW_2" />
    <comppin designator="13" sympin="13" pinswap="0" gateswap="0" gate="1" group="1" side="" type="Any" name="VOUT/BIAS_2" />
    <attached_symbol gate="1" name="LMR36506MSC3RPERQ1" />
    <pinmap designator="1" footprintpin="1" />
    <pinmap designator="2" footprintpin="2" />
    <pinmap designator="3" footprintpin="3" />
    <pinmap designator="4" footprintpin="4" />
    <pinmap designator="5" footprintpin="5" />
    <pinmap designator="6" footprintpin="6" />
    <pinmap designator="7" footprintpin="7" />
    <pinmap designator="8" footprintpin="8" />
    <pinmap designator="9" footprintpin="9" />
    <pinmap designator="10" footprintpin="10" />
    <pinmap designator="11" footprintpin="11" />
    <pinmap designator="12" footprintpin="12" />
    <pinmap designator="13" footprintpin="13" />
    <text name="Datasheet" originx="0" originy="0" style="Default" rotation="0" justify="" flipped="False" hidden="True" data="https://www.ti.com/lit/ds/symlink/lmr36506-q1.pdf?ts=1600706158792&amp;ref_url=https%3A%2F%2Fwww.ti.com%2Fstore%2Fti%2Fen%2Fp%2Fproduct%2F%3Fp%3DLMR36506MSC3RPERQ1%26keyMatch%3DLMR36506MSC3RPERQ1%26tisearch%3DSearch-EN-everything" />
    <text name="Description" originx="0" originy="0" style="Default" rotation="0" justify="" flipped="False" hidden="True" data="Buck Switching Regulator IC Positive Fixed 3.3V 1 Output 600mA 9-VFQFN" />
    <text name="Mouser Part Number" originx="0" originy="0" style="Default" rotation="0" justify="" flipped="False" hidden="True" data="595-R36506MSC3RPERQ1" />
    <text name="Mouser Price/Stock" originx="0" originy="0" style="Default" rotation="0" justify="" flipped="False" hidden="True" data="https://www.mouser.co.uk/ProductDetail/Texas-Instruments/LMR36506MSC3RPERQ1?qs=sPbYRqrBIVmjGKIOaXZOhA%3D%3D" />
    <text name="Manufacturer_Name" originx="0" originy="0" style="Default" rotation="0" justify="" flipped="False" hidden="True" data="Texas Instruments" />
    <text name="Manufacturer_Part_Number" originx="1650" originy="200" style="Default" rotation="0" justify="left" flipped="False" hidden="False" data="LMR36506MSC3RPERQ1" />
  </component>
</quadcept_library>
