<?xml version="1.0" encoding="utf-8"?>
<!--/1274266/1127645/2.50/16/3/Integrated Circuit/-->
<quadcept_library>
  <setting unit="mil" />
  <textstyle name="Default" height="47.244094488189" strokewidth="7.8740157480315" charwidth="47.244094488189" />
  <textstyle name="Dimension" height="19.6850393700787" strokewidth="0" charwidth="19.6850393700787" />
  <textstyle name="H127W0635TH00762" height="50" strokewidth="3" charwidth="25" />
  <textstyle name="H15W15TH02" height="59.0551181102362" strokewidth="7.8740157480315" charwidth="59.0551181102362" />
  <padstyle name="r192.5_70" surface="True" plated="False" isvia="False" nopaste="False" nomask="True" complex="False" holesize="0">
    <padshape layer="TOP" shape="rectangle" width="27.55905511811" height="75.787401574802" />
    <padshape layer="TOP_SOLDER_MASK" shape="rectangle" width="35.433070866141" height="83.661417322834" />
    <padshape layer="TOP_SOLDER_PASTE" shape="rectangle" width="27.55905511811" height="75.787401574802" />
  </padstyle>
  <footprint name="SOIC127P1032X265-16N" originx="0" originy="0" pickpointx="0" pickpointy="0">
    <pcbpin number="1" name="1" style="r192.5_70" originx="-185.51181102362" originy="175" rotation="90" />
    <pcbpin number="2" name="2" style="r192.5_70" originx="-185.51181102362" originy="125" rotation="90" />
    <pcbpin number="3" name="3" style="r192.5_70" originx="-185.51181102362" originy="74.999999999999" rotation="90" />
    <pcbpin number="4" name="4" style="r192.5_70" originx="-185.51181102362" originy="25" rotation="90" />
    <pcbpin number="5" name="5" style="r192.5_70" originx="-185.51181102362" originy="-25" rotation="90" />
    <pcbpin number="6" name="6" style="r192.5_70" originx="-185.51181102362" originy="-74.999999999999" rotation="90" />
    <pcbpin number="7" name="7" style="r192.5_70" originx="-185.51181102362" originy="-125" rotation="90" />
    <pcbpin number="8" name="8" style="r192.5_70" originx="-185.51181102362" originy="-175" rotation="90" />
    <pcbpin number="9" name="9" style="r192.5_70" originx="185.51181102362" originy="-175" rotation="90" />
    <pcbpin number="10" name="10" style="r192.5_70" originx="185.51181102362" originy="-125" rotation="90" />
    <pcbpin number="11" name="11" style="r192.5_70" originx="185.51181102362" originy="-74.999999999999" rotation="90" />
    <pcbpin number="12" name="12" style="r192.5_70" originx="185.51181102362" originy="-25" rotation="90" />
    <pcbpin number="13" name="13" style="r192.5_70" originx="185.51181102362" originy="25" rotation="90" />
    <pcbpin number="14" name="14" style="r192.5_70" originx="185.51181102362" originy="74.999999999999" rotation="90" />
    <pcbpin number="15" name="15" style="r192.5_70" originx="185.51181102362" originy="125" rotation="90" />
    <pcbpin number="16" name="16" style="r192.5_70" originx="185.51181102362" originy="175" rotation="90" />
    <line layer="TOP_PLACE_BOUND" originx="-233.26771653543" originy="216.53543307086" endx="233.26771653543" endy="216.53543307086" width="1.9685039370079" />
    <line layer="TOP_PLACE_BOUND" originx="233.26771653543" originy="216.53543307086" endx="233.26771653543" endy="-216.53543307086" width="1.9685039370079" />
    <line layer="TOP_PLACE_BOUND" originx="233.26771653543" originy="-216.53543307086" endx="-233.26771653543" endy="-216.53543307086" width="1.9685039370079" />
    <line layer="TOP_PLACE_BOUND" originx="-233.26771653543" originy="-216.53543307086" endx="-233.26771653543" endy="216.53543307086" width="1.9685039370079" />
    <line layer="TOP_ASSEMBLY" originx="-147.63779527559" originy="202.75590551181" endx="147.63779527559" endy="202.75590551181" width="3.9370078740157" />
    <line layer="TOP_ASSEMBLY" originx="147.63779527559" originy="202.75590551181" endx="147.63779527559" endy="-202.75590551181" width="3.9370078740157" />
    <line layer="TOP_ASSEMBLY" originx="147.63779527559" originy="-202.75590551181" endx="-147.63779527559" endy="-202.75590551181" width="3.9370078740157" />
    <line layer="TOP_ASSEMBLY" originx="-147.63779527559" originy="-202.75590551181" endx="-147.63779527559" endy="202.75590551181" width="3.9370078740157" />
    <line layer="TOP_ASSEMBLY" originx="-147.63779527559" originy="152.75590551181" endx="-97.637795275589" endy="202.75590551181" width="3.9370078740157" />
    <line layer="TOP_SILKSCREEN" originx="-133.85826771653" originy="202.75590551181" endx="133.85826771653" endy="202.75590551181" width="7.8740157480314" />
    <line layer="TOP_SILKSCREEN" originx="133.85826771653" originy="202.75590551181" endx="133.85826771653" endy="-202.75590551181" width="7.8740157480314" />
    <line layer="TOP_SILKSCREEN" originx="133.85826771653" originy="-202.75590551181" endx="-133.85826771653" endy="-202.75590551181" width="7.8740157480314" />
    <line layer="TOP_SILKSCREEN" originx="-133.85826771653" originy="-202.75590551181" endx="-133.85826771653" endy="202.75590551181" width="7.8740157480314" />
    <line layer="TOP_SILKSCREEN" originx="-223.42519685039" originy="202.55905511811" endx="-147.63779527559" endy="202.55905511811" width="7.8740157480314" />
  </footprint>
  <symbol name="MT25QL256ABA8ESF-0AAT" originx="0" originy="0">
    <line originx="200" originy="100" endx="1300" endy="100" width="0" />
    <line originx="1300" originy="-800" endx="1300" endy="100" width="0" />
    <line originx="1300" originy="-800" endx="200" endy="-800" width="0" />
    <line originx="200" originy="100" endx="200" endy="-800" width="0" />
    <sympin number="1" originx="200" originy="0" rotation="180" length="100" width="7.8740157480315" flipped="False">
      <text name="pinname" originx="230" originy="0" style="Default" rotation="0" justify="left" flipped="False" hidden="False" data="DQ3/HOLD#" />
      <text name="pindes" originx="140" originy="20" style="Default" rotation="0" justify="lowerright" flipped="False" hidden="False" data="1" />
    </sympin>
    <sympin number="2" originx="200" originy="-100" rotation="180" length="100" width="7.8740157480315" flipped="False">
      <text name="pinname" originx="230" originy="-100" style="Default" rotation="0" justify="left" flipped="False" hidden="False" data="VCC" />
      <text name="pindes" originx="140" originy="-80" style="Default" rotation="0" justify="lowerright" flipped="False" hidden="False" data="2" />
    </sympin>
    <sympin number="3" originx="200" originy="-200" rotation="180" length="100" width="7.8740157480315" flipped="False">
      <text name="pinname" originx="230" originy="-200" style="Default" rotation="0" justify="left" flipped="False" hidden="False" data="RESET#" />
      <text name="pindes" originx="140" originy="-180" style="Default" rotation="0" justify="lowerright" flipped="False" hidden="False" data="3" />
    </sympin>
    <sympin number="4" originx="200" originy="-300" rotation="180" length="100" width="7.8740157480315" flipped="False">
      <text name="pinname" originx="230" originy="-300" style="Default" rotation="0" justify="left" flipped="False" hidden="False" data="DNU_1" />
      <text name="pindes" originx="140" originy="-280" style="Default" rotation="0" justify="lowerright" flipped="False" hidden="False" data="4" />
    </sympin>
    <sympin number="5" originx="200" originy="-400" rotation="180" length="100" width="7.8740157480315" flipped="False">
      <text name="pinname" originx="230" originy="-400" style="Default" rotation="0" justify="left" flipped="False" hidden="False" data="DNU_2" />
      <text name="pindes" originx="140" originy="-380" style="Default" rotation="0" justify="lowerright" flipped="False" hidden="False" data="5" />
    </sympin>
    <sympin number="6" originx="200" originy="-500" rotation="180" length="100" width="7.8740157480315" flipped="False">
      <text name="pinname" originx="230" originy="-500" style="Default" rotation="0" justify="left" flipped="False" hidden="False" data="DNU_3" />
      <text name="pindes" originx="140" originy="-480" style="Default" rotation="0" justify="lowerright" flipped="False" hidden="False" data="6" />
    </sympin>
    <sympin number="7" originx="200" originy="-600" rotation="180" length="100" width="7.8740157480315" flipped="False">
      <text name="pinname" originx="230" originy="-600" style="Default" rotation="0" justify="left" flipped="False" hidden="False" data="S#" />
      <text name="pindes" originx="140" originy="-580" style="Default" rotation="0" justify="lowerright" flipped="False" hidden="False" data="7" />
    </sympin>
    <sympin number="8" originx="200" originy="-700" rotation="180" length="100" width="7.8740157480315" flipped="False">
      <text name="pinname" originx="230" originy="-700" style="Default" rotation="0" justify="left" flipped="False" hidden="False" data="DQ1" />
      <text name="pindes" originx="140" originy="-680" style="Default" rotation="0" justify="lowerright" flipped="False" hidden="False" data="8" />
    </sympin>
    <sympin number="16" originx="1300" originy="0" rotation="0" length="100" width="7.8740157480315" flipped="False">
      <text name="pinname" originx="1270" originy="0" style="Default" rotation="0" justify="right" flipped="False" hidden="False" data="C" />
      <text name="pindes" originx="1360" originy="20" style="Default" rotation="0" justify="lowerleft" flipped="False" hidden="False" data="16" />
    </sympin>
    <sympin number="15" originx="1300" originy="-100" rotation="0" length="100" width="7.8740157480315" flipped="False">
      <text name="pinname" originx="1270" originy="-100" style="Default" rotation="0" justify="right" flipped="False" hidden="False" data="DQ0" />
      <text name="pindes" originx="1360" originy="-80" style="Default" rotation="0" justify="lowerleft" flipped="False" hidden="False" data="15" />
    </sympin>
    <sympin number="14" originx="1300" originy="-200" rotation="0" length="100" width="7.8740157480315" flipped="False">
      <text name="pinname" originx="1270" originy="-200" style="Default" rotation="0" justify="right" flipped="False" hidden="False" data="DNU_7" />
      <text name="pindes" originx="1360" originy="-180" style="Default" rotation="0" justify="lowerleft" flipped="False" hidden="False" data="14" />
    </sympin>
    <sympin number="13" originx="1300" originy="-300" rotation="0" length="100" width="7.8740157480315" flipped="False">
      <text name="pinname" originx="1270" originy="-300" style="Default" rotation="0" justify="right" flipped="False" hidden="False" data="DNU_6" />
      <text name="pindes" originx="1360" originy="-280" style="Default" rotation="0" justify="lowerleft" flipped="False" hidden="False" data="13" />
    </sympin>
    <sympin number="12" originx="1300" originy="-400" rotation="0" length="100" width="7.8740157480315" flipped="False">
      <text name="pinname" originx="1270" originy="-400" style="Default" rotation="0" justify="right" flipped="False" hidden="False" data="DNU_5" />
      <text name="pindes" originx="1360" originy="-380" style="Default" rotation="0" justify="lowerleft" flipped="False" hidden="False" data="12" />
    </sympin>
    <sympin number="11" originx="1300" originy="-500" rotation="0" length="100" width="7.8740157480315" flipped="False">
      <text name="pinname" originx="1270" originy="-500" style="Default" rotation="0" justify="right" flipped="False" hidden="False" data="DNU_4" />
      <text name="pindes" originx="1360" originy="-480" style="Default" rotation="0" justify="lowerleft" flipped="False" hidden="False" data="11" />
    </sympin>
    <sympin number="10" originx="1300" originy="-600" rotation="0" length="100" width="7.8740157480315" flipped="False">
      <text name="pinname" originx="1270" originy="-600" style="Default" rotation="0" justify="right" flipped="False" hidden="False" data="VSS" />
      <text name="pindes" originx="1360" originy="-580" style="Default" rotation="0" justify="lowerleft" flipped="False" hidden="False" data="10" />
    </sympin>
    <sympin number="9" originx="1300" originy="-700" rotation="0" length="100" width="7.8740157480315" flipped="False">
      <text name="pinname" originx="1270" originy="-700" style="Default" rotation="0" justify="right" flipped="False" hidden="False" data="W#/DQ2" />
      <text name="pindes" originx="1360" originy="-680" style="Default" rotation="0" justify="lowerleft" flipped="False" hidden="False" data="9" />
    </sympin>
  </symbol>
  <component name="MT25QL256ABA8ESF-0AAT" designatorprefix="IC" height="104.33070866142" footprint="SOIC127P1032X265-16N">
    <comppin designator="1" sympin="1" pinswap="0" gateswap="0" gate="1" group="1" side="" type="Any" name="DQ3/HOLD#" />
    <comppin designator="2" sympin="2" pinswap="0" gateswap="0" gate="1" group="1" side="" type="Any" name="VCC" />
    <comppin designator="3" sympin="3" pinswap="0" gateswap="0" gate="1" group="1" side="" type="Any" name="RESET#" />
    <comppin designator="4" sympin="4" pinswap="0" gateswap="0" gate="1" group="1" side="" type="Any" name="DNU_1" />
    <comppin designator="5" sympin="5" pinswap="0" gateswap="0" gate="1" group="1" side="" type="Any" name="DNU_2" />
    <comppin designator="6" sympin="6" pinswap="0" gateswap="0" gate="1" group="1" side="" type="Any" name="DNU_3" />
    <comppin designator="7" sympin="7" pinswap="0" gateswap="0" gate="1" group="1" side="" type="Any" name="S#" />
    <comppin designator="8" sympin="8" pinswap="0" gateswap="0" gate="1" group="1" side="" type="Any" name="DQ1" />
    <comppin designator="9" sympin="9" pinswap="0" gateswap="0" gate="1" group="1" side="" type="Any" name="W#/DQ2" />
    <comppin designator="10" sympin="10" pinswap="0" gateswap="0" gate="1" group="1" side="" type="Any" name="VSS" />
    <comppin designator="11" sympin="11" pinswap="0" gateswap="0" gate="1" group="1" side="" type="Any" name="DNU_4" />
    <comppin designator="12" sympin="12" pinswap="0" gateswap="0" gate="1" group="1" side="" type="Any" name="DNU_5" />
    <comppin designator="13" sympin="13" pinswap="0" gateswap="0" gate="1" group="1" side="" type="Any" name="DNU_6" />
    <comppin designator="14" sympin="14" pinswap="0" gateswap="0" gate="1" group="1" side="" type="Any" name="DNU_7" />
    <comppin designator="15" sympin="15" pinswap="0" gateswap="0" gate="1" group="1" side="" type="Any" name="DQ0" />
    <comppin designator="16" sympin="16" pinswap="0" gateswap="0" gate="1" group="1" side="" type="Any" name="C" />
    <attached_symbol gate="1" name="MT25QL256ABA8ESF-0AAT" />
    <pinmap designator="1" footprintpin="1" />
    <pinmap designator="2" footprintpin="2" />
    <pinmap designator="3" footprintpin="3" />
    <pinmap designator="4" footprintpin="4" />
    <pinmap designator="5" footprintpin="5" />
    <pinmap designator="6" footprintpin="6" />
    <pinmap designator="7" footprintpin="7" />
    <pinmap designator="8" footprintpin="8" />
    <pinmap designator="9" footprintpin="9" />
    <pinmap designator="10" footprintpin="10" />
    <pinmap designator="11" footprintpin="11" />
    <pinmap designator="12" footprintpin="12" />
    <pinmap designator="13" footprintpin="13" />
    <pinmap designator="14" footprintpin="14" />
    <pinmap designator="15" footprintpin="15" />
    <pinmap designator="16" footprintpin="16" />
    <text name="Datasheet" originx="0" originy="0" style="Default" rotation="0" justify="" flipped="False" hidden="True" data="https://media-www.micron.com/-/media/client/global/documents/products/data-sheet/nor-flash/serial-nor/mt25q/die-rev-a/mt25q_qljs_l_256_aba_0.pdf?rev=3228e4f0253d4c42a5184cf2007a21dc" />
    <text name="Description" originx="0" originy="0" style="Default" rotation="0" justify="" flipped="False" hidden="True" data="NOR Flash SPI FLASH NOR SLC 64MX4 SOIC" />
    <text name="Mouser Part Number" originx="0" originy="0" style="Default" rotation="0" justify="" flipped="False" hidden="True" data="340-279831-TRAY" />
    <text name="Mouser Price/Stock" originx="0" originy="0" style="Default" rotation="0" justify="" flipped="False" hidden="True" data="https://www.mouser.co.uk/ProductDetail/Micron/MT25QL256ABA8ESF-0AAT?qs=rrS6PyfT74foJ%2FxDvfgDOA%3D%3D" />
    <text name="Manufacturer_Name" originx="0" originy="0" style="Default" rotation="0" justify="" flipped="False" hidden="True" data="Micron" />
    <text name="Manufacturer_Part_Number" originx="1350" originy="200" style="Default" rotation="0" justify="left" flipped="False" hidden="False" data="MT25QL256ABA8ESF-0AAT" />
  </component>
</quadcept_library>
