<?xml version="1.0" encoding="utf-8"?>
<!--/186806/1127645/2.50/3/3/MOSFET (N-Channel)/-->
<quadcept_library>
  <setting unit="mil" />
  <textstyle name="Default" height="47.244094488189" strokewidth="7.8740157480315" charwidth="47.244094488189" />
  <textstyle name="Dimension" height="19.6850393700787" strokewidth="0" charwidth="19.6850393700787" />
  <textstyle name="H127W0635TH00762" height="50" strokewidth="3" charwidth="25" />
  <textstyle name="H15W15TH02" height="59.0551181102362" strokewidth="7.8740157480315" charwidth="59.0551181102362" />
  <padstyle name="c276_h184" surface="False" plated="True" isvia="False" nopaste="True" nomask="True" complex="False" holesize="72.440944881889">
    <padshape layer="TOP" shape="round" width="108.66141732283" height="108.66141732283" />
    <padshape layer="TOP_SOLDER_MASK" shape="round" width="116.53543307086" height="116.53543307086" />
    <padshape layer="INNER" shape="round" width="108.66141732283" height="108.66141732283" />
    <padshape layer="BOTTOM" shape="round" width="108.66141732283" height="108.66141732283" />
    <padshape layer="BOTTOM_SOLDER_MASK" shape="round" width="116.53543307086" height="116.53543307086" />
  </padstyle>
  <padstyle name="s276_h184" surface="False" plated="True" isvia="False" nopaste="True" nomask="True" complex="False" holesize="72.440944881889">
    <padshape layer="TOP" shape="square" width="108.66141732283" height="108.66141732283" />
    <padshape layer="TOP_SOLDER_MASK" shape="square" width="116.53543307086" height="116.53543307086" />
    <padshape layer="INNER" shape="round" width="108.66141732283" height="108.66141732283" />
    <padshape layer="BOTTOM" shape="square" width="108.66141732283" height="108.66141732283" />
    <padshape layer="BOTTOM_SOLDER_MASK" shape="square" width="116.53543307086" height="116.53543307086" />
  </padstyle>
  <footprint name="TO546P531X1558X2511-3P" originx="0" originy="0" pickpointx="0" pickpointy="0">
    <pcbpin number="1" name="1" style="s276_h184" originx="0" originy="0" rotation="90" />
    <pcbpin number="2" name="2" style="c276_h184" originx="214.96062992126" originy="0" rotation="90" />
    <pcbpin number="3" name="3" style="c276_h184" originx="429.92125984251" originy="0" rotation="90" />
    <line layer="TOP_PLACE_BOUND" originx="-107.28346456693" originy="128.74015748031" endx="537.20472440944" endy="128.74015748031" width="1.9685039370079" />
    <line layer="TOP_PLACE_BOUND" originx="537.20472440944" originy="128.74015748031" endx="537.20472440944" endy="-99.999999999999" width="1.9685039370079" />
    <line layer="TOP_PLACE_BOUND" originx="537.20472440944" originy="-99.999999999999" endx="-107.28346456693" endy="-99.999999999999" width="1.9685039370079" />
    <line layer="TOP_PLACE_BOUND" originx="-107.28346456693" originy="-99.999999999999" endx="-107.28346456693" endy="128.74015748031" width="1.9685039370079" />
    <line layer="TOP_ASSEMBLY" originx="-97.440944881889" originy="118.89763779527" endx="527.3622047244" endy="118.89763779527" width="3.9370078740157" />
    <line layer="TOP_ASSEMBLY" originx="527.3622047244" originy="118.89763779527" endx="527.3622047244" endy="-90.15748031496" width="3.9370078740157" />
    <line layer="TOP_ASSEMBLY" originx="527.3622047244" originy="-90.15748031496" endx="-97.440944881889" endy="-90.15748031496" width="3.9370078740157" />
    <line layer="TOP_ASSEMBLY" originx="-97.440944881889" originy="-90.15748031496" endx="-97.440944881889" endy="118.89763779527" width="3.9370078740157" />
    <line layer="TOP_ASSEMBLY" originx="-97.440944881889" originy="11.417322834646" endx="10.03937007874" endy="118.89763779527" width="3.9370078740157" />
    <line layer="TOP_SILKSCREEN" originx="527.3622047244" originy="-90.15748031496" endx="527.3622047244" endy="118.89763779527" width="7.8740157480314" />
    <line layer="TOP_SILKSCREEN" originx="527.3622047244" originy="118.89763779527" endx="-97.440944881889" endy="118.89763779527" width="7.8740157480314" />
    <line layer="TOP_SILKSCREEN" originx="-97.440944881889" originy="118.89763779527" endx="-97.440944881889" endy="0" width="7.8740157480314" />
  </footprint>
  <symbol name="IRFP250PBF" originx="0" originy="0">
    <line originx="300" originy="100" endx="300" endy="-100" width="0" />
    <line originx="300" originy="200" endx="300" endy="300" width="0" />
    <line originx="100" originy="0" endx="200" endy="0" width="0" />
    <line originx="200" originy="200" endx="200" endy="0" width="0" />
    <line originx="300" originy="100" endx="230" endy="100" width="0" />
    <line originx="300" originy="200" endx="230" endy="200" width="0" />
    <line originx="230" originy="0" endx="300" endy="0" width="0" />
    <line originx="230" originy="220" endx="230" endy="180" width="0" />
    <line originx="230" originy="-20" endx="230" endy="20" width="0" />
    <line originx="230" originy="80" endx="230" endy="120" width="0" />
    <arc originx="250" originy="100" startangle="180" sweepangle="180" radius="150" width="0" />
    <arc originx="250" originy="100" startangle="180" sweepangle="-180" radius="150" width="0" />
    <sympin number="1" originx="100" originy="0" rotation="180" length="100" width="7.8740157480315" flipped="False">
      <text name="pinname" originx="0" originy="-20" style="Default" rotation="0" justify="upperleft" flipped="False" hidden="True" data="G" />
      <text name="pindes" originx="80" originy="10" style="Default" rotation="0" justify="lowerright" flipped="False" hidden="False" data="1" />
    </sympin>
    <sympin number="2" originx="300" originy="300" rotation="90" length="100" width="7.8740157480315" flipped="False">
      <text name="pinname" originx="320" originy="400" style="Default" rotation="90" justify="upperleft" flipped="False" hidden="True" data="D" />
      <text name="pindes" originx="280" originy="400" style="Default" rotation="90" justify="upperright" flipped="False" hidden="False" data="2" />
    </sympin>
    <sympin number="3" originx="300" originy="-100" rotation="270" length="100" width="7.8740157480315" flipped="False">
      <text name="pinname" originx="320" originy="-200" style="Default" rotation="90" justify="lowerleft" flipped="False" hidden="True" data="S" />
      <text name="pindes" originx="280" originy="-200" style="Default" rotation="90" justify="lowerright" flipped="False" hidden="False" data="3" />
    </sympin>
    <polygon type="polygon">
      <point x="230" y="100" />
      <point x="270" y="120" />
      <point x="270" y="80" />
    </polygon>
  </symbol>
  <component name="IRFP250PBF" designatorprefix="Q" height="209.05511811023" footprint="TO546P531X1558X2511-3P">
    <comppin designator="1" sympin="1" pinswap="0" gateswap="0" gate="1" group="1" side="" type="Any" name="G" />
    <comppin designator="2" sympin="2" pinswap="0" gateswap="0" gate="1" group="1" side="" type="Any" name="D" />
    <comppin designator="3" sympin="3" pinswap="0" gateswap="0" gate="1" group="1" side="" type="Any" name="S" />
    <attached_symbol gate="1" name="IRFP250PBF" />
    <pinmap designator="1" footprintpin="1" />
    <pinmap designator="2" footprintpin="2" />
    <pinmap designator="3" footprintpin="3" />
    <text name="Datasheet" originx="0" originy="0" style="Default" rotation="0" justify="" flipped="False" hidden="True" data="https://componentsearchengine.com/Datasheets/2/IRFP250PBF.pdf" />
    <text name="Description" originx="0" originy="0" style="Default" rotation="0" justify="" flipped="False" hidden="True" data="Trans MOSFET N-CH 200V 30A" />
    <text name="Mouser Part Number" originx="0" originy="0" style="Default" rotation="0" justify="" flipped="False" hidden="True" data="844-IRFP250PBF" />
    <text name="Mouser Price/Stock" originx="0" originy="0" style="Default" rotation="0" justify="" flipped="False" hidden="True" data="https://www.mouser.co.uk/ProductDetail/Vishay-Semiconductors/IRFP250PBF?qs=%2FRKvNCQzLu1AE23xR%2FUypQ%3D%3D" />
    <text name="Manufacturer_Name" originx="0" originy="0" style="Default" rotation="0" justify="" flipped="False" hidden="True" data="Vishay" />
    <text name="Manufacturer_Part_Number" originx="450" originy="50" style="Default" rotation="0" justify="left" flipped="False" hidden="False" data="IRFP250PBF" />
  </component>
</quadcept_library>
