<?xml version="1.0" encoding="utf-8"?>
<!--/16584748/1127645/2.50/28/2/Connector/-->
<quadcept_library>
  <setting unit="mil" />
  <textstyle name="Default" height="47.244094488189" strokewidth="7.8740157480315" charwidth="47.244094488189" />
  <textstyle name="Dimension" height="19.6850393700787" strokewidth="0" charwidth="19.6850393700787" />
  <textstyle name="H127W0635TH00762" height="50" strokewidth="3" charwidth="25" />
  <textstyle name="H15W15TH02" height="59.0551181102362" strokewidth="7.8740157480315" charwidth="59.0551181102362" />
  <padstyle name="r70_30" surface="True" plated="False" isvia="False" nopaste="False" nomask="True" complex="False" holesize="0">
    <padshape layer="TOP" shape="rectangle" width="11.811023622047" height="27.55905511811" />
    <padshape layer="TOP_SOLDER_MASK" shape="rectangle" width="19.685039370078" height="35.433070866141" />
    <padshape layer="TOP_SOLDER_PASTE" shape="rectangle" width="11.811023622047" height="27.55905511811" />
  </padstyle>
  <padstyle name="c181.5_h121" surface="False" plated="True" isvia="False" nopaste="True" nomask="True" complex="False" holesize="47.63779527559">
    <padshape layer="TOP" shape="round" width="71.456692913385" height="71.456692913385" />
    <padshape layer="TOP_SOLDER_MASK" shape="round" width="79.330708661416" height="79.330708661416" />
    <padshape layer="INNER" shape="round" width="71.456692913385" height="71.456692913385" />
    <padshape layer="BOTTOM" shape="round" width="71.456692913385" height="71.456692913385" />
    <padshape layer="BOTTOM_SOLDER_MASK" shape="round" width="79.330708661416" height="79.330708661416" />
  </padstyle>
  <padstyle name="c32.5_h65" surface="False" plated="True" isvia="False" nopaste="True" nomask="True" complex="False" holesize="25.590551181102">
    <padshape layer="TOP" shape="round" width="12.795275590551" height="12.795275590551" />
    <padshape layer="TOP_SOLDER_MASK" shape="round" width="20.669291338582" height="20.669291338582" />
    <padshape layer="INNER" shape="round" width="12.795275590551" height="12.795275590551" />
    <padshape layer="BOTTOM" shape="round" width="12.795275590551" height="12.795275590551" />
    <padshape layer="BOTTOM_SOLDER_MASK" shape="round" width="20.669291338582" height="20.669291338582" />
  </padstyle>
  <padstyle name="c57.5_h115" surface="False" plated="True" isvia="False" nopaste="True" nomask="True" complex="False" holesize="45.275590551181">
    <padshape layer="TOP" shape="round" width="22.63779527559" height="22.63779527559" />
    <padshape layer="TOP_SOLDER_MASK" shape="round" width="30.511811023622" height="30.511811023622" />
    <padshape layer="INNER" shape="round" width="22.63779527559" height="22.63779527559" />
    <padshape layer="BOTTOM" shape="round" width="22.63779527559" height="22.63779527559" />
    <padshape layer="BOTTOM_SOLDER_MASK" shape="round" width="30.511811023622" height="30.511811023622" />
  </padstyle>
  <footprint name="12401832E402A" originx="0" originy="0" pickpointx="0" pickpointy="0">
    <pcbpin number="1" name="A1" style="r70_30" originx="-108.26771653543" originy="197.83464566929" rotation="0" />
    <pcbpin number="2" name="A2" style="r70_30" originx="-88.582677165353" originy="197.83464566929" rotation="0" />
    <pcbpin number="3" name="A3" style="r70_30" originx="-68.897637795275" originy="197.83464566929" rotation="0" />
    <pcbpin number="4" name="A4" style="r70_30" originx="-49.212598425196" originy="197.83464566929" rotation="0" />
    <pcbpin number="5" name="A5" style="r70_30" originx="-29.527559055118" originy="197.83464566929" rotation="0" />
    <pcbpin number="6" name="A6" style="r70_30" originx="-9.8425196850392" originy="197.83464566929" rotation="0" />
    <pcbpin number="7" name="A7" style="r70_30" originx="9.8425196850392" originy="197.83464566929" rotation="0" />
    <pcbpin number="8" name="A8" style="r70_30" originx="29.527559055118" originy="197.83464566929" rotation="0" />
    <pcbpin number="9" name="A9" style="r70_30" originx="49.212598425196" originy="197.83464566929" rotation="0" />
    <pcbpin number="10" name="A10" style="r70_30" originx="68.897637795275" originy="197.83464566929" rotation="0" />
    <pcbpin number="11" name="A11" style="r70_30" originx="88.582677165353" originy="197.83464566929" rotation="0" />
    <pcbpin number="12" name="A12" style="r70_30" originx="108.26771653543" originy="197.83464566929" rotation="0" />
    <pcbpin number="13" name="B1" style="r70_30" originx="98.425196850392" originy="130.90551181102" rotation="0" />
    <pcbpin number="14" name="B2" style="r70_30" originx="78.740157480314" originy="130.90551181102" rotation="0" />
    <pcbpin number="15" name="B3" style="r70_30" originx="59.055118110235" originy="130.90551181102" rotation="0" />
    <pcbpin number="16" name="B4" style="r70_30" originx="39.370078740157" originy="130.90551181102" rotation="0" />
    <pcbpin number="17" name="B5" style="r70_30" originx="19.685039370078" originy="130.90551181102" rotation="0" />
    <pcbpin number="18" name="B6" style="r70_30" originx="0" originy="130.90551181102" rotation="0" />
    <pcbpin number="19" name="B7" style="r70_30" originx="-19.685039370078" originy="130.90551181102" rotation="0" />
    <pcbpin number="20" name="B8" style="r70_30" originx="-39.370078740157" originy="130.90551181102" rotation="0" />
    <pcbpin number="21" name="B9" style="r70_30" originx="-59.055118110235" originy="130.90551181102" rotation="0" />
    <pcbpin number="22" name="B10" style="r70_30" originx="-78.740157480314" originy="130.90551181102" rotation="0" />
    <pcbpin number="23" name="B11" style="r70_30" originx="-98.425196850392" originy="130.90551181102" rotation="0" />
    <pcbpin number="24" name="B12" style="r70_30" originx="-118.11023622047" originy="130.90551181102" rotation="0" />
    <pcbpin number="25" name="MH1" style="c181.5_h121" originx="-162.59842519685" originy="122.63779527559" rotation="90" />
    <pcbpin number="26" name="MH2" style="c181.5_h121" originx="162.59842519685" originy="122.63779527559" rotation="90" />
    <pcbpin number="27" name="MH3" style="c181.5_h121" originx="176.7716535433" originy="-111.61417322835" rotation="90" />
    <pcbpin number="28" name="MH4" style="c181.5_h121" originx="-176.7716535433" originy="-111.61417322835" rotation="90" />
    <pcbpin number="29" name="MH5" style="c32.5_h65" originx="-141.73228346457" originy="171.85039370079" rotation="90" />
    <pcbpin number="30" name="MH6" style="c57.5_h115" originx="141.73228346457" originy="171.85039370079" rotation="90" />
    <line layer="TOP_ASSEMBLY" originx="-181.10236220472" originy="205.70866141732" endx="181.10236220472" endy="205.70866141732" width="3.9370078740157" />
    <line layer="TOP_ASSEMBLY" originx="181.10236220472" originy="205.70866141732" endx="181.10236220472" endy="-205.70866141732" width="3.9370078740157" />
    <line layer="TOP_ASSEMBLY" originx="181.10236220472" originy="-205.70866141732" endx="-181.10236220472" endy="-205.70866141732" width="3.9370078740157" />
    <line layer="TOP_ASSEMBLY" originx="-181.10236220472" originy="-205.70866141732" endx="-181.10236220472" endy="205.70866141732" width="3.9370078740157" />
    <line layer="TOP_PLACE_BOUND" originx="-251.85039370078" originy="250.9842519685" endx="251.85039370078" endy="250.9842519685" width="3.9370078740157" />
    <line layer="TOP_PLACE_BOUND" originx="251.85039370078" originy="250.9842519685" endx="251.85039370078" endy="-245.07874015748" width="3.9370078740157" />
    <line layer="TOP_PLACE_BOUND" originx="251.85039370078" originy="-245.07874015748" endx="-251.85039370078" endy="-245.07874015748" width="3.9370078740157" />
    <line layer="TOP_PLACE_BOUND" originx="-251.85039370078" originy="-245.07874015748" endx="-251.85039370078" endy="250.9842519685" width="3.9370078740157" />
    <line layer="TOP_SILKSCREEN" originx="-125.9842519685" originy="205.70866141732" endx="-181.10236220472" endy="205.70866141732" width="7.8740157480314" />
    <line layer="TOP_SILKSCREEN" originx="-181.10236220472" originy="205.70866141732" endx="-181.10236220472" endy="165.35433070866" width="7.8740157480314" />
    <line layer="TOP_SILKSCREEN" originx="-181.10236220472" originy="78.740157480314" endx="-181.10236220472" endy="-66.929133858267" width="7.8740157480314" />
    <line layer="TOP_SILKSCREEN" originx="-181.10236220472" originy="-157.48031496063" endx="-181.10236220472" endy="-205.70866141732" width="7.8740157480314" />
    <line layer="TOP_SILKSCREEN" originx="-181.10236220472" originy="-205.70866141732" endx="181.10236220472" endy="-205.70866141732" width="7.8740157480314" />
    <line layer="TOP_SILKSCREEN" originx="181.10236220472" originy="-205.70866141732" endx="181.10236220472" endy="-157.48031496063" width="7.8740157480314" />
    <line layer="TOP_SILKSCREEN" originx="181.10236220472" originy="-66.929133858267" endx="181.10236220472" endy="78.740157480314" width="7.8740157480314" />
    <line layer="TOP_SILKSCREEN" originx="181.10236220472" originy="165.35433070866" endx="181.10236220472" endy="205.70866141732" width="7.8740157480314" />
    <line layer="TOP_SILKSCREEN" originx="181.10236220472" originy="205.70866141732" endx="125.9842519685" endy="205.70866141732" width="7.8740157480314" />
  </footprint>
  <symbol name="12401832E402A" originx="0" originy="0">
    <line originx="200" originy="100" endx="1100" endy="100" width="0" />
    <line originx="1100" originy="-1400" endx="1100" endy="100" width="0" />
    <line originx="1100" originy="-1400" endx="200" endy="-1400" width="0" />
    <line originx="200" originy="100" endx="200" endy="-1400" width="0" />
    <sympin number="1" originx="200" originy="0" rotation="180" length="100" width="7.8740157480315" flipped="False">
      <text name="pinname" originx="230" originy="0" style="Default" rotation="0" justify="left" flipped="False" hidden="False" data="GND_1" />
      <text name="pindes" originx="140" originy="20" style="Default" rotation="0" justify="lowerright" flipped="False" hidden="False" data="A1" />
    </sympin>
    <sympin number="2" originx="200" originy="-100" rotation="180" length="100" width="7.8740157480315" flipped="False">
      <text name="pinname" originx="230" originy="-100" style="Default" rotation="0" justify="left" flipped="False" hidden="False" data="TX1+" />
      <text name="pindes" originx="140" originy="-80" style="Default" rotation="0" justify="lowerright" flipped="False" hidden="False" data="A2" />
    </sympin>
    <sympin number="3" originx="200" originy="-200" rotation="180" length="100" width="7.8740157480315" flipped="False">
      <text name="pinname" originx="230" originy="-200" style="Default" rotation="0" justify="left" flipped="False" hidden="False" data="TX1-" />
      <text name="pindes" originx="140" originy="-180" style="Default" rotation="0" justify="lowerright" flipped="False" hidden="False" data="A3" />
    </sympin>
    <sympin number="4" originx="200" originy="-300" rotation="180" length="100" width="7.8740157480315" flipped="False">
      <text name="pinname" originx="230" originy="-300" style="Default" rotation="0" justify="left" flipped="False" hidden="False" data="VBUS_1" />
      <text name="pindes" originx="140" originy="-280" style="Default" rotation="0" justify="lowerright" flipped="False" hidden="False" data="A4" />
    </sympin>
    <sympin number="5" originx="200" originy="-400" rotation="180" length="100" width="7.8740157480315" flipped="False">
      <text name="pinname" originx="230" originy="-400" style="Default" rotation="0" justify="left" flipped="False" hidden="False" data="CC1" />
      <text name="pindes" originx="140" originy="-380" style="Default" rotation="0" justify="lowerright" flipped="False" hidden="False" data="A5" />
    </sympin>
    <sympin number="6" originx="200" originy="-500" rotation="180" length="100" width="7.8740157480315" flipped="False">
      <text name="pinname" originx="230" originy="-500" style="Default" rotation="0" justify="left" flipped="False" hidden="False" data="D+_1" />
      <text name="pindes" originx="140" originy="-480" style="Default" rotation="0" justify="lowerright" flipped="False" hidden="False" data="A6" />
    </sympin>
    <sympin number="7" originx="200" originy="-600" rotation="180" length="100" width="7.8740157480315" flipped="False">
      <text name="pinname" originx="230" originy="-600" style="Default" rotation="0" justify="left" flipped="False" hidden="False" data="D-_1" />
      <text name="pindes" originx="140" originy="-580" style="Default" rotation="0" justify="lowerright" flipped="False" hidden="False" data="A7" />
    </sympin>
    <sympin number="8" originx="200" originy="-700" rotation="180" length="100" width="7.8740157480315" flipped="False">
      <text name="pinname" originx="230" originy="-700" style="Default" rotation="0" justify="left" flipped="False" hidden="False" data="SBU1" />
      <text name="pindes" originx="140" originy="-680" style="Default" rotation="0" justify="lowerright" flipped="False" hidden="False" data="A8" />
    </sympin>
    <sympin number="9" originx="200" originy="-800" rotation="180" length="100" width="7.8740157480315" flipped="False">
      <text name="pinname" originx="230" originy="-800" style="Default" rotation="0" justify="left" flipped="False" hidden="False" data="VBUS_2" />
      <text name="pindes" originx="140" originy="-780" style="Default" rotation="0" justify="lowerright" flipped="False" hidden="False" data="A9" />
    </sympin>
    <sympin number="10" originx="200" originy="-900" rotation="180" length="100" width="7.8740157480315" flipped="False">
      <text name="pinname" originx="230" originy="-900" style="Default" rotation="0" justify="left" flipped="False" hidden="False" data="RX2-" />
      <text name="pindes" originx="140" originy="-880" style="Default" rotation="0" justify="lowerright" flipped="False" hidden="False" data="A10" />
    </sympin>
    <sympin number="11" originx="200" originy="-1000" rotation="180" length="100" width="7.8740157480315" flipped="False">
      <text name="pinname" originx="230" originy="-1000" style="Default" rotation="0" justify="left" flipped="False" hidden="False" data="RX2+" />
      <text name="pindes" originx="140" originy="-980" style="Default" rotation="0" justify="lowerright" flipped="False" hidden="False" data="A11" />
    </sympin>
    <sympin number="12" originx="200" originy="-1100" rotation="180" length="100" width="7.8740157480315" flipped="False">
      <text name="pinname" originx="230" originy="-1100" style="Default" rotation="0" justify="left" flipped="False" hidden="False" data="GND_2" />
      <text name="pindes" originx="140" originy="-1080" style="Default" rotation="0" justify="lowerright" flipped="False" hidden="False" data="A12" />
    </sympin>
    <sympin number="13" originx="200" originy="-1200" rotation="180" length="100" width="7.8740157480315" flipped="False">
      <text name="pinname" originx="230" originy="-1200" style="Default" rotation="0" justify="left" flipped="False" hidden="False" data="GND_3" />
      <text name="pindes" originx="140" originy="-1180" style="Default" rotation="0" justify="lowerright" flipped="False" hidden="False" data="B1" />
    </sympin>
    <sympin number="14" originx="200" originy="-1300" rotation="180" length="100" width="7.8740157480315" flipped="False">
      <text name="pinname" originx="230" originy="-1300" style="Default" rotation="0" justify="left" flipped="False" hidden="False" data="TX2+" />
      <text name="pindes" originx="140" originy="-1280" style="Default" rotation="0" justify="lowerright" flipped="False" hidden="False" data="B2" />
    </sympin>
    <sympin number="15" originx="1100" originy="0" rotation="0" length="100" width="7.8740157480315" flipped="False">
      <text name="pinname" originx="1070" originy="0" style="Default" rotation="0" justify="right" flipped="False" hidden="False" data="TX2-" />
      <text name="pindes" originx="1160" originy="20" style="Default" rotation="0" justify="lowerleft" flipped="False" hidden="False" data="B3" />
    </sympin>
    <sympin number="16" originx="1100" originy="-100" rotation="0" length="100" width="7.8740157480315" flipped="False">
      <text name="pinname" originx="1070" originy="-100" style="Default" rotation="0" justify="right" flipped="False" hidden="False" data="VBUS_3" />
      <text name="pindes" originx="1160" originy="-80" style="Default" rotation="0" justify="lowerleft" flipped="False" hidden="False" data="B4" />
    </sympin>
    <sympin number="17" originx="1100" originy="-200" rotation="0" length="100" width="7.8740157480315" flipped="False">
      <text name="pinname" originx="1070" originy="-200" style="Default" rotation="0" justify="right" flipped="False" hidden="False" data="CC2" />
      <text name="pindes" originx="1160" originy="-180" style="Default" rotation="0" justify="lowerleft" flipped="False" hidden="False" data="B5" />
    </sympin>
    <sympin number="18" originx="1100" originy="-300" rotation="0" length="100" width="7.8740157480315" flipped="False">
      <text name="pinname" originx="1070" originy="-300" style="Default" rotation="0" justify="right" flipped="False" hidden="False" data="D+_2" />
      <text name="pindes" originx="1160" originy="-280" style="Default" rotation="0" justify="lowerleft" flipped="False" hidden="False" data="B6" />
    </sympin>
    <sympin number="19" originx="1100" originy="-400" rotation="0" length="100" width="7.8740157480315" flipped="False">
      <text name="pinname" originx="1070" originy="-400" style="Default" rotation="0" justify="right" flipped="False" hidden="False" data="D-_2" />
      <text name="pindes" originx="1160" originy="-380" style="Default" rotation="0" justify="lowerleft" flipped="False" hidden="False" data="B7" />
    </sympin>
    <sympin number="20" originx="1100" originy="-500" rotation="0" length="100" width="7.8740157480315" flipped="False">
      <text name="pinname" originx="1070" originy="-500" style="Default" rotation="0" justify="right" flipped="False" hidden="False" data="SBU2" />
      <text name="pindes" originx="1160" originy="-480" style="Default" rotation="0" justify="lowerleft" flipped="False" hidden="False" data="B8" />
    </sympin>
    <sympin number="21" originx="1100" originy="-600" rotation="0" length="100" width="7.8740157480315" flipped="False">
      <text name="pinname" originx="1070" originy="-600" style="Default" rotation="0" justify="right" flipped="False" hidden="False" data="VBUS_4" />
      <text name="pindes" originx="1160" originy="-580" style="Default" rotation="0" justify="lowerleft" flipped="False" hidden="False" data="B9" />
    </sympin>
    <sympin number="22" originx="1100" originy="-700" rotation="0" length="100" width="7.8740157480315" flipped="False">
      <text name="pinname" originx="1070" originy="-700" style="Default" rotation="0" justify="right" flipped="False" hidden="False" data="RX1-" />
      <text name="pindes" originx="1160" originy="-680" style="Default" rotation="0" justify="lowerleft" flipped="False" hidden="False" data="B10" />
    </sympin>
    <sympin number="23" originx="1100" originy="-800" rotation="0" length="100" width="7.8740157480315" flipped="False">
      <text name="pinname" originx="1070" originy="-800" style="Default" rotation="0" justify="right" flipped="False" hidden="False" data="RX1+" />
      <text name="pindes" originx="1160" originy="-780" style="Default" rotation="0" justify="lowerleft" flipped="False" hidden="False" data="B11" />
    </sympin>
    <sympin number="24" originx="1100" originy="-900" rotation="0" length="100" width="7.8740157480315" flipped="False">
      <text name="pinname" originx="1070" originy="-900" style="Default" rotation="0" justify="right" flipped="False" hidden="False" data="GND_4" />
      <text name="pindes" originx="1160" originy="-880" style="Default" rotation="0" justify="lowerleft" flipped="False" hidden="False" data="B12" />
    </sympin>
    <sympin number="25" originx="1100" originy="-1000" rotation="0" length="100" width="7.8740157480315" flipped="False">
      <text name="pinname" originx="1070" originy="-1000" style="Default" rotation="0" justify="right" flipped="False" hidden="False" data="MH1" />
      <text name="pindes" originx="1160" originy="-980" style="Default" rotation="0" justify="lowerleft" flipped="False" hidden="False" data="MH1" />
    </sympin>
    <sympin number="26" originx="1100" originy="-1100" rotation="0" length="100" width="7.8740157480315" flipped="False">
      <text name="pinname" originx="1070" originy="-1100" style="Default" rotation="0" justify="right" flipped="False" hidden="False" data="MH2" />
      <text name="pindes" originx="1160" originy="-1080" style="Default" rotation="0" justify="lowerleft" flipped="False" hidden="False" data="MH2" />
    </sympin>
    <sympin number="27" originx="1100" originy="-1200" rotation="0" length="100" width="7.8740157480315" flipped="False">
      <text name="pinname" originx="1070" originy="-1200" style="Default" rotation="0" justify="right" flipped="False" hidden="False" data="MH3" />
      <text name="pindes" originx="1160" originy="-1180" style="Default" rotation="0" justify="lowerleft" flipped="False" hidden="False" data="MH3" />
    </sympin>
    <sympin number="28" originx="1100" originy="-1300" rotation="0" length="100" width="7.8740157480315" flipped="False">
      <text name="pinname" originx="1070" originy="-1300" style="Default" rotation="0" justify="right" flipped="False" hidden="False" data="MH4" />
      <text name="pindes" originx="1160" originy="-1280" style="Default" rotation="0" justify="lowerleft" flipped="False" hidden="False" data="MH4" />
    </sympin>
  </symbol>
  <component name="12401832E402A" designatorprefix="J" height="138.97637795275" footprint="12401832E402A">
    <comppin designator="A1" sympin="1" pinswap="0" gateswap="0" gate="1" group="1" side="" type="Any" name="GND_1" />
    <comppin designator="A2" sympin="2" pinswap="0" gateswap="0" gate="1" group="1" side="" type="Any" name="TX1+" />
    <comppin designator="A3" sympin="3" pinswap="0" gateswap="0" gate="1" group="1" side="" type="Any" name="TX1-" />
    <comppin designator="A4" sympin="4" pinswap="0" gateswap="0" gate="1" group="1" side="" type="Any" name="VBUS_1" />
    <comppin designator="A5" sympin="5" pinswap="0" gateswap="0" gate="1" group="1" side="" type="Any" name="CC1" />
    <comppin designator="A6" sympin="6" pinswap="0" gateswap="0" gate="1" group="1" side="" type="Any" name="D+_1" />
    <comppin designator="A7" sympin="7" pinswap="0" gateswap="0" gate="1" group="1" side="" type="Any" name="D-_1" />
    <comppin designator="A8" sympin="8" pinswap="0" gateswap="0" gate="1" group="1" side="" type="Any" name="SBU1" />
    <comppin designator="A9" sympin="9" pinswap="0" gateswap="0" gate="1" group="1" side="" type="Any" name="VBUS_2" />
    <comppin designator="A10" sympin="10" pinswap="0" gateswap="0" gate="1" group="1" side="" type="Any" name="RX2-" />
    <comppin designator="A11" sympin="11" pinswap="0" gateswap="0" gate="1" group="1" side="" type="Any" name="RX2+" />
    <comppin designator="A12" sympin="12" pinswap="0" gateswap="0" gate="1" group="1" side="" type="Any" name="GND_2" />
    <comppin designator="B1" sympin="13" pinswap="0" gateswap="0" gate="1" group="1" side="" type="Any" name="GND_3" />
    <comppin designator="B2" sympin="14" pinswap="0" gateswap="0" gate="1" group="1" side="" type="Any" name="TX2+" />
    <comppin designator="B3" sympin="15" pinswap="0" gateswap="0" gate="1" group="1" side="" type="Any" name="TX2-" />
    <comppin designator="B4" sympin="16" pinswap="0" gateswap="0" gate="1" group="1" side="" type="Any" name="VBUS_3" />
    <comppin designator="B5" sympin="17" pinswap="0" gateswap="0" gate="1" group="1" side="" type="Any" name="CC2" />
    <comppin designator="B6" sympin="18" pinswap="0" gateswap="0" gate="1" group="1" side="" type="Any" name="D+_2" />
    <comppin designator="B7" sympin="19" pinswap="0" gateswap="0" gate="1" group="1" side="" type="Any" name="D-_2" />
    <comppin designator="B8" sympin="20" pinswap="0" gateswap="0" gate="1" group="1" side="" type="Any" name="SBU2" />
    <comppin designator="B9" sympin="21" pinswap="0" gateswap="0" gate="1" group="1" side="" type="Any" name="VBUS_4" />
    <comppin designator="B10" sympin="22" pinswap="0" gateswap="0" gate="1" group="1" side="" type="Any" name="RX1-" />
    <comppin designator="B11" sympin="23" pinswap="0" gateswap="0" gate="1" group="1" side="" type="Any" name="RX1+" />
    <comppin designator="B12" sympin="24" pinswap="0" gateswap="0" gate="1" group="1" side="" type="Any" name="GND_4" />
    <comppin designator="MH1" sympin="25" pinswap="0" gateswap="0" gate="1" group="1" side="" type="Any" name="MH1" />
    <comppin designator="MH2" sympin="26" pinswap="0" gateswap="0" gate="1" group="1" side="" type="Any" name="MH2" />
    <comppin designator="MH3" sympin="27" pinswap="0" gateswap="0" gate="1" group="1" side="" type="Any" name="MH3" />
    <comppin designator="MH4" sympin="28" pinswap="0" gateswap="0" gate="1" group="1" side="" type="Any" name="MH4" />
    <attached_symbol gate="1" name="12401832E402A" />
    <pinmap designator="A1" footprintpin="1" />
    <pinmap designator="A2" footprintpin="2" />
    <pinmap designator="A3" footprintpin="3" />
    <pinmap designator="A4" footprintpin="4" />
    <pinmap designator="A5" footprintpin="5" />
    <pinmap designator="A6" footprintpin="6" />
    <pinmap designator="A7" footprintpin="7" />
    <pinmap designator="A8" footprintpin="8" />
    <pinmap designator="A9" footprintpin="9" />
    <pinmap designator="A10" footprintpin="10" />
    <pinmap designator="A11" footprintpin="11" />
    <pinmap designator="A12" footprintpin="12" />
    <pinmap designator="B1" footprintpin="13" />
    <pinmap designator="B2" footprintpin="14" />
    <pinmap designator="B3" footprintpin="15" />
    <pinmap designator="B4" footprintpin="16" />
    <pinmap designator="B5" footprintpin="17" />
    <pinmap designator="B6" footprintpin="18" />
    <pinmap designator="B7" footprintpin="19" />
    <pinmap designator="B8" footprintpin="20" />
    <pinmap designator="B9" footprintpin="21" />
    <pinmap designator="B10" footprintpin="22" />
    <pinmap designator="B11" footprintpin="23" />
    <pinmap designator="B12" footprintpin="24" />
    <pinmap designator="MH1" footprintpin="25" />
    <pinmap designator="MH2" footprintpin="26" />
    <pinmap designator="MH3" footprintpin="27" />
    <pinmap designator="MH4" footprintpin="28" />
    <text name="Datasheet" originx="0" originy="0" style="Default" rotation="0" justify="" flipped="False" hidden="True" data="https://cdn.amphenol-cs.com/media/wysiwyg/files/documentation/datasheet/inputoutput/io_usb_type_c.pdf" />
    <text name="Description" originx="0" originy="0" style="Default" rotation="0" justify="" flipped="False" hidden="True" data="USB3.2 GEN2, Type C, Top mount, CH 1.58mm, Dual Row SMT" />
    <text name="Mouser Part Number" originx="0" originy="0" style="Default" rotation="0" justify="" flipped="False" hidden="True" data="523-12401832E402A" />
    <text name="Mouser Price/Stock" originx="0" originy="0" style="Default" rotation="0" justify="" flipped="False" hidden="True" data="https://www.mouser.co.uk/ProductDetail/Amphenol-Commercial-Products/12401832E402A?qs=5aG0NVq1C4zkz1mXTcv%2FVQ%3D%3D" />
    <text name="Manufacturer_Name" originx="0" originy="0" style="Default" rotation="0" justify="" flipped="False" hidden="True" data="Amphenol Communications Solutions" />
    <text name="Manufacturer_Part_Number" originx="1150" originy="200" style="Default" rotation="0" justify="left" flipped="False" hidden="False" data="12401832E402A" />
  </component>
</quadcept_library>
