<?xml version="1.0" encoding="utf-8"?>
<!--/18688339/1127645/2.50/2/2/Resistor/-->
<quadcept_library>
  <setting unit="mil" />
  <textstyle name="Default" height="47.244094488189" strokewidth="7.8740157480315" charwidth="47.244094488189" />
  <textstyle name="Dimension" height="19.6850393700787" strokewidth="0" charwidth="19.6850393700787" />
  <textstyle name="H127W0635TH00762" height="50" strokewidth="3" charwidth="25" />
  <textstyle name="H15W15TH02" height="59.0551181102362" strokewidth="7.8740157480315" charwidth="59.0551181102362" />
  <padstyle name="r30_27.5" surface="True" plated="False" isvia="False" nopaste="False" nomask="True" complex="False" holesize="0">
    <padshape layer="TOP" shape="rectangle" width="10.826771653543" height="11.811023622047" />
    <padshape layer="TOP_SOLDER_MASK" shape="rectangle" width="18.700787401575" height="19.685039370078" />
    <padshape layer="TOP_SOLDER_PASTE" shape="rectangle" width="10.826771653543" height="11.811023622047" />
  </padstyle>
  <footprint name="ERJ1GJJ2R4C" originx="0" originy="0" pickpointx="0" pickpointy="0">
    <pcbpin number="1" name="1" style="r30_27.5" originx="-12.322834645669" originy="0" rotation="0" />
    <pcbpin number="2" name="2" style="r30_27.5" originx="12.322834645669" originy="0" rotation="0" />
    <line layer="TOP_PLACE_BOUND" originx="-38.385826771653" originy="17.716535433071" endx="38.385826771653" endy="17.716535433071" width="1.9685039370079" />
    <line layer="TOP_PLACE_BOUND" originx="38.385826771653" originy="17.716535433071" endx="38.385826771653" endy="-17.716535433071" width="1.9685039370079" />
    <line layer="TOP_PLACE_BOUND" originx="38.385826771653" originy="-17.716535433071" endx="-38.385826771653" endy="-17.716535433071" width="1.9685039370079" />
    <line layer="TOP_PLACE_BOUND" originx="-38.385826771653" originy="-17.716535433071" endx="-38.385826771653" endy="17.716535433071" width="1.9685039370079" />
    <line layer="TOP_ASSEMBLY" originx="-11.811023622047" originy="5.9055118110235" endx="11.811023622047" endy="5.9055118110235" width="3.9370078740157" />
    <line layer="TOP_ASSEMBLY" originx="11.811023622047" originy="5.9055118110235" endx="11.811023622047" endy="-5.9055118110235" width="3.9370078740157" />
    <line layer="TOP_ASSEMBLY" originx="11.811023622047" originy="-5.9055118110235" endx="-11.811023622047" endy="-5.9055118110235" width="3.9370078740157" />
    <line layer="TOP_ASSEMBLY" originx="-11.811023622047" originy="-5.9055118110235" endx="-11.811023622047" endy="5.9055118110235" width="3.9370078740157" />
    <line layer="TOP_SILKSCREEN" originx="-26.574803149606" originy="0.98425196850393" endx="-26.574803149606" endy="0.98425196850393" width="1.9685039370079" />
    <arc layer="TOP_SILKSCREEN" originx="-26.574803149606" originy="0" startangle="90.0" sweepangle="180.0" radius="0.98425196850393" width="1.9685039370079" />
    <line layer="TOP_SILKSCREEN" originx="-26.574803149606" originy="-0.98425196850393" endx="-26.574803149606" endy="-0.98425196850393" width="1.9685039370079" />
    <arc layer="TOP_SILKSCREEN" originx="-26.574803149606" originy="0" startangle="-90.0" sweepangle="180.0" radius="0.98425196850393" width="1.9685039370079" />
  </footprint>
  <symbol name="ERJ-1GJF6802C" originx="0" originy="0">
    <line originx="200" originy="50" endx="500" endy="50" width="0" />
    <line originx="500" originy="-50" endx="500" endy="50" width="0" />
    <line originx="500" originy="-50" endx="200" endy="-50" width="0" />
    <line originx="200" originy="50" endx="200" endy="-50" width="0" />
    <sympin number="1" originx="200" originy="0" rotation="180" length="100" width="7.8740157480315" flipped="False">
      <text name="pinname" originx="0" originy="-10" style="Default" rotation="0" justify="upperleft" flipped="False" hidden="True" data="1" />
      <text name="pindes" originx="0" originy="10" style="Default" rotation="0" justify="lowerleft" flipped="False" hidden="False" data="1" />
    </sympin>
    <sympin number="2" originx="500" originy="0" rotation="0" length="100" width="7.8740157480315" flipped="False">
      <text name="pinname" originx="700" originy="-10" style="Default" rotation="0" justify="upperright" flipped="False" hidden="True" data="2" />
      <text name="pindes" originx="700" originy="10" style="Default" rotation="0" justify="lowerright" flipped="False" hidden="False" data="2" />
    </sympin>
  </symbol>
  <component name="ERJ-1GJF6802C" designatorprefix="R" height="10.236220472441" footprint="ERJ1GJJ2R4C">
    <comppin designator="1" sympin="1" pinswap="0" gateswap="0" gate="1" group="1" side="" type="Any" name="1" />
    <comppin designator="2" sympin="2" pinswap="0" gateswap="0" gate="1" group="1" side="" type="Any" name="2" />
    <attached_symbol gate="1" name="ERJ-1GJF6802C" />
    <pinmap designator="1" footprintpin="1" />
    <pinmap designator="2" footprintpin="2" />
    <text name="Datasheet" originx="0" originy="0" style="Default" rotation="0" justify="" flipped="False" hidden="True" data="https://industrial.panasonic.com/cdbs/www-data/pdf/RDA0000/AOA0000C304.pdf" />
    <text name="Description" originx="0" originy="0" style="Default" rotation="0" justify="" flipped="False" hidden="True" data="Series/Type: Precision Thick Film Chip Resistors, Power Rating (W): 0.05, Chip Size (LxW(EIA)) (mm): 0.6 x 0.3 (EIA:0201), Resistance Values (): 68000, Resistance Tolerance (%): 1, T.C.R (10/K): +/-200" />
    <text name="Mouser Part Number" originx="0" originy="0" style="Default" rotation="0" justify="" flipped="False" hidden="True" data="667-ERJ-1GJF6802C" />
    <text name="Mouser Price/Stock" originx="0" originy="0" style="Default" rotation="0" justify="" flipped="False" hidden="True" data="https://www.mouser.co.uk/ProductDetail/Panasonic/ERJ-1GJF6802C?qs=OcgtsXO%252B3gvXTMgQOYJeRQ%3D%3D" />
    <text name="Manufacturer_Name" originx="0" originy="0" style="Default" rotation="0" justify="" flipped="False" hidden="True" data="Panasonic" />
    <text name="Manufacturer_Part_Number" originx="550" originy="150" style="Default" rotation="0" justify="left" flipped="False" hidden="False" data="ERJ-1GJF6802C" />
  </component>
</quadcept_library>
