<?xml version="1.0" encoding="utf-8"?>
<!--/11571358/1127645/2.50/2/3/Inductor/-->
<quadcept_library>
  <setting unit="mil" />
  <textstyle name="Default" height="47.244094488189" strokewidth="7.8740157480315" charwidth="47.244094488189" />
  <textstyle name="Dimension" height="19.6850393700787" strokewidth="0" charwidth="19.6850393700787" />
  <textstyle name="H127W0635TH00762" height="50" strokewidth="3" charwidth="25" />
  <textstyle name="H15W15TH02" height="59.0551181102362" strokewidth="7.8740157480315" charwidth="59.0551181102362" />
  <padstyle name="s140_h90" surface="False" plated="True" isvia="False" nopaste="True" nomask="True" complex="False" holesize="35.433070866141">
    <padshape layer="TOP" shape="square" width="55.11811023622" height="55.11811023622" />
    <padshape layer="TOP_SOLDER_MASK" shape="square" width="62.992125984251" height="62.992125984251" />
    <padshape layer="INNER" shape="square" width="55.11811023622" height="55.11811023622" />
    <padshape layer="BOTTOM" shape="square" width="55.11811023622" height="55.11811023622" />
    <padshape layer="BOTTOM_SOLDER_MASK" shape="square" width="62.992125984251" height="62.992125984251" />
  </padstyle>
  <padstyle name="c140_h90" surface="False" plated="True" isvia="False" nopaste="True" nomask="True" complex="False" holesize="35.433070866141">
    <padshape layer="TOP" shape="round" width="55.11811023622" height="55.11811023622" />
    <padshape layer="TOP_SOLDER_MASK" shape="round" width="62.992125984251" height="62.992125984251" />
    <padshape layer="INNER" shape="round" width="55.11811023622" height="55.11811023622" />
    <padshape layer="BOTTOM" shape="round" width="55.11811023622" height="55.11811023622" />
    <padshape layer="BOTTOM_SOLDER_MASK" shape="round" width="62.992125984251" height="62.992125984251" />
  </padstyle>
  <footprint name="RCH875NP2R2M" originx="0" originy="0" pickpointx="0" pickpointy="0">
    <pcbpin number="1" name="1" style="s140_h90" originx="0" originy="0" rotation="90" />
    <pcbpin number="2" name="2" style="c140_h90" originx="0" originy="196.85039370078" rotation="90" />
    <line layer="TOP_PLACE_BOUND" originx="-192.91338582677" originy="291.33858267716" endx="192.91338582677" endy="291.33858267716" width="3.9370078740157" />
    <line layer="TOP_PLACE_BOUND" originx="192.91338582677" originy="291.33858267716" endx="192.91338582677" endy="-94.488188976377" width="3.9370078740157" />
    <line layer="TOP_PLACE_BOUND" originx="192.91338582677" originy="-94.488188976377" endx="-192.91338582677" endy="-94.488188976377" width="3.9370078740157" />
    <line layer="TOP_PLACE_BOUND" originx="-192.91338582677" originy="-94.488188976377" endx="-192.91338582677" endy="291.33858267716" width="3.9370078740157" />
    <line layer="TOP_ASSEMBLY" originx="-153.54330708661" originy="98.425196850392" endx="-153.54330708661" endy="98.425196850392" width="3.9370078740157" />
    <arc layer="TOP_ASSEMBLY" originx="1.7483827159451E-14" originy="98.425196850393" startangle="180.0" sweepangle="180.0" radius="153.54330708661" width="3.9370078740157" />
    <line layer="TOP_ASSEMBLY" originx="153.54330708661" originy="98.425196850392" endx="153.54330708661" endy="98.425196850392" width="3.9370078740157" />
    <arc layer="TOP_ASSEMBLY" originx="1.7483827159451E-14" originy="98.425196850393" startangle=".0" sweepangle="180.0" radius="153.54330708661" width="3.9370078740157" />
    <line layer="TOP_SILKSCREEN" originx="-153.54330708661" originy="98.425196850392" endx="-153.54330708661" endy="98.425196850392" width="7.8740157480314" />
    <arc layer="TOP_SILKSCREEN" originx="1.7483827159451E-14" originy="98.425196850393" startangle="180.0" sweepangle="180.0" radius="153.54330708661" width="7.8740157480314" />
    <line layer="TOP_SILKSCREEN" originx="153.54330708661" originy="98.425196850392" endx="153.54330708661" endy="98.425196850392" width="7.8740157480314" />
    <arc layer="TOP_SILKSCREEN" originx="1.7483827159451E-14" originy="98.425196850393" startangle=".0" sweepangle="180.0" radius="153.54330708661" width="7.8740157480314" />
    <line layer="TOP_SILKSCREEN" originx="0" originy="-78.740157480314" endx="0" endy="-78.740157480314" width="3.9370078740157" />
    <arc layer="TOP_SILKSCREEN" originx="1.6391087961985E-15" originy="-76.771653543306" startangle="-90.0" sweepangle="180.0" radius="1.9685039370079" width="3.9370078740157" />
    <line layer="TOP_SILKSCREEN" originx="0" originy="-74.803149606298" endx="0" endy="-74.803149606298" width="3.9370078740157" />
    <arc layer="TOP_SILKSCREEN" originx="1.6391087961985E-15" originy="-76.771653543306" startangle="90.0" sweepangle="180.0" radius="1.9685039370079" width="3.9370078740157" />
  </footprint>
  <symbol name="RCH875NP-2R2M" originx="0" originy="0">
    <arc originx="250" originy="-2" startangle="177.7" sweepangle="-175.4" radius="50" width="0" />
    <arc originx="350" originy="-2" startangle="177.7" sweepangle="-175.4" radius="50" width="0" />
    <arc originx="450" originy="-2" startangle="177.7" sweepangle="-175.4" radius="50" width="0" />
    <arc originx="550" originy="-2" startangle="177.7" sweepangle="-175.4" radius="50" width="0" />
    <sympin number="1" originx="200" originy="0" rotation="180" length="100" width="7.8740157480315" flipped="False">
      <text name="pinname" originx="0" originy="-10" style="Default" rotation="0" justify="upperleft" flipped="False" hidden="True" data="1" />
      <text name="pindes" originx="0" originy="10" style="Default" rotation="0" justify="lowerleft" flipped="False" hidden="False" data="1" />
    </sympin>
    <sympin number="2" originx="600" originy="0" rotation="0" length="100" width="7.8740157480315" flipped="False">
      <text name="pinname" originx="800" originy="-10" style="Default" rotation="0" justify="upperright" flipped="False" hidden="True" data="2" />
      <text name="pindes" originx="800" originy="10" style="Default" rotation="0" justify="lowerright" flipped="False" hidden="False" data="2" />
    </sympin>
  </symbol>
  <component name="RCH875NP-2R2M" designatorprefix="L" height="295.27559055118" footprint="RCH875NP2R2M">
    <comppin designator="1" sympin="1" pinswap="0" gateswap="0" gate="1" group="1" side="" type="Any" name="1" />
    <comppin designator="2" sympin="2" pinswap="0" gateswap="0" gate="1" group="1" side="" type="Any" name="2" />
    <attached_symbol gate="1" name="RCH875NP-2R2M" />
    <pinmap designator="1" footprintpin="1" />
    <pinmap designator="2" footprintpin="2" />
    <text name="Datasheet" originx="0" originy="0" style="Default" rotation="0" justify="" flipped="False" hidden="True" data="https://products.sumida.com/products/pdf/RCH-875.pdf" />
    <text name="Description" originx="0" originy="0" style="Default" rotation="0" justify="" flipped="False" hidden="True" data="Power Inductors - Leaded 2.2uH 3A 20% THRU HOLE INDUCTOR" />
    <text name="Mouser Part Number" originx="0" originy="0" style="Default" rotation="0" justify="" flipped="False" hidden="True" data="851-RCH875NP-2R2M" />
    <text name="Mouser Price/Stock" originx="0" originy="0" style="Default" rotation="0" justify="" flipped="False" hidden="True" data="https://www.mouser.co.uk/ProductDetail/Sumida/RCH875NP-2R2M?qs=LKl%2FVGYbYthn8bnN%2FMKPbw%3D%3D" />
    <text name="Manufacturer_Name" originx="0" originy="0" style="Default" rotation="0" justify="" flipped="False" hidden="True" data="Sumida" />
    <text name="Manufacturer_Part_Number" originx="650" originy="150" style="Default" rotation="0" justify="left" flipped="False" hidden="False" data="RCH875NP-2R2M" />
  </component>
</quadcept_library>
